snapshot_date,LoanGuid,Product Type,Branch Channel,Loan Purpose,LoanAmount,Funded D
2025-12-15,82511403,NONCONFORMING,Wholesale,Purchase,,2025-12-15
2025-12-15,82511385,NONCONFORMING,Wholesale,Purchase,,2025-12-10
2025-12-15,82511393,NONCONFORMING,Wholesale,Refinance CashOut,,2025-12-12
2025-12-15,82510530,2ND,Wholesale,Purchase,14175.0,2025-12-12
2025-12-15,82510534,NONCONFORMING,Wholesale,Refinance CashOut,292000.0,2025-12-11
2025-12-15,82510536,NONCONFORMING,Wholesale,Refinance CashOut,601300.0,2025-12-02
2025-12-15,82510541,NONCONFORMING,Wholesale,Refinance CashOut,522900.0,2025-12-02
2025-12-15,82510566,NONCONFORMING,Wholesale,Purchase,389000.0,2025-12-01
2025-12-15,62511566,NONCONFORMING,Retail,Refinance CashOut,,2025-12-11
2025-12-15,62511568,NONCONFORMING,Retail,Refinance,,2025-12-11
2025-12-15,62511571,NONCONFORMING,Retail,Refinance CashOut,,2025-12-11
2025-12-15,82511590,CONFORMING,Wholesale,Purchase,,2025-12-11
2025-12-15,82512029,FHA,Wholesale,Purchase,,2025-12-15
2025-12-15,82509499,NONCONFORMING,Wholesale,Purchase,611369.0,2025-12-10
2025-12-15,82509518,FHA,Wholesale,Refinance,636571.0,2025-12-15
2025-12-15,82511410,CONVENTIONAL BOND STD MI,Wholesale,Purchase,,2025-12-15
2025-12-15,82511415,2ND,Wholesale,Purchase,,2025-12-15
2025-12-15,82510589,CONFORMING,Wholesale,Refinance CashOut,400000.0,2025-12-15
2025-12-15,82510612,NONCONFORMING,Wholesale,Purchase,252000.0,2025-12-10
2025-12-15,82510642,NONCONFORMING,Wholesale,Purchase,551200.0,2025-12-08
2025-12-15,82510645,CONFORMING,Wholesale,Purchase,350000.0,2025-12-09
2025-12-15,82512073,NONCONFORMING,Wholesale,Purchase,,2025-12-08
2025-12-15,82510647,NONCONFORMING,Wholesale,Refinance CashOut,700000.0,2025-12-02
2025-12-15,82510649,NONCONFORMING,Wholesale,Purchase,810000.0,2025-12-02
2025-12-15,82510661,NONCONFORMING,Wholesale,Purchase,592000.0,2025-12-05
2025-12-15,82510666,CONFORMING,Wholesale,Purchase,420010.0,2025-12-11
2025-12-15,82510668,NONCONFORMING,Wholesale,Refinance CashOut,1033500.0,2025-12-03
2025-12-15,82510674,FHA BOND,Wholesale,Purchase,347400.0,2025-12-09
2025-12-15,82510675,2ND,Wholesale,Purchase,12600.0,2025-12-09
2025-12-15,82510680,NONCONFORMING,Wholesale,Purchase,221600.0,2025-12-12
2025-12-15,82511432,NONCONFORMING,Wholesale,Refinance CashOut,,2025-12-09
2025-12-15,82512092,NONCONFORMING,Wholesale,Refinance,,2025-12-12
2025-12-15,82511452,NONCONFORMING,Wholesale,Purchase,,2025-12-15
2025-12-15,82511467,FHA,Wholesale,Purchase,,2025-12-10
2025-12-15,82511465,NONCONFORMING,Wholesale,Purchase,,2025-12-09
2025-12-15,82511486,2ND,Wholesale,Refinance CashOut,,2025-12-15
2025-12-15,82511488,NONCONFORMING,Wholesale,Purchase,,2025-12-04
2025-12-15,82509678,NONCONFORMING,Wholesale,Refinance CashOut,525000.0,2025-12-10
2025-12-15,82509720,NONCONFORMING,Wholesale,Refinance CashOut,324000.0,2025-12-01
2025-12-15,82511455,CONFORMING,Wholesale,Purchase,,2025-12-12
2025-12-15,82509736,2ND,Wholesale,Refinance CashOut,295000.0,2025-12-10
2025-12-15,82509739,FHA BOND,Wholesale,Purchase,390825.0,2025-12-12
2025-12-15,82511458,2ND,Wholesale,Refinance CashOut,,2025-12-12
2025-12-15,62511461,2ND,Retail,Refinance CashOut,,2025-12-15
2025-12-15,82509313,CONFORMING,Wholesale,Purchase,365680.0,2025-12-03
2025-12-15,82511440,FHA,Wholesale,Purchase,,2025-12-15
2025-12-15,82511426,CONFORMING,Wholesale,Purchase,,2025-12-12
2025-12-15,82511471,FHA,Wholesale,Purchase,,2025-12-11
2025-12-15,82510686,NONCONFORMING,Wholesale,Refinance CashOut,1500000.0,2025-12-11
2025-12-15,82510687,NONCONFORMING,Wholesale,Refinance,273000.0,2025-12-02
2025-12-15,82511421,NONCONFORMING,Wholesale,Purchase,,2025-12-15
2025-12-15,62510059,CONFORMING,Retail,Purchase,276450.0,2025-12-12
2025-12-15,82510066,NONCONFORMING,Wholesale,Refinance CashOut,205000.0,2025-12-03
2025-12-15,82510095,NONCONFORMING,Wholesale,Refinance CashOut,441870.0,2025-12-04
2025-12-15,82510200,CONFORMING,Wholesale,Purchase,728000.0,2025-12-08
2025-12-15,82510201,CONFORMING,Wholesale,Purchase,726750.0,2025-12-09
2025-12-15,82510208,NONCONFORMING,Wholesale,Purchase,360000.0,2025-12-05
2025-12-15,82510235,FHA,Wholesale,Refinance CashOut,412000.0,2025-12-11
2025-12-15,82511378,NONCONFORMING,Wholesale,Purchase,,2025-12-11
2025-12-15,82508581,NONCONFORMING,Wholesale,Refinance CashOut,305700.0,2025-12-15
2025-12-15,82511359,CONFORMING,Wholesale,Purchase,,2025-12-15
2025-12-15,82510280,NONCONFORMING,Wholesale,Purchase,249108.0,2025-12-04
2025-12-15,82510298,NONCONFORMING,Wholesale,Purchase,2784000.0,2025-12-11
2025-12-15,82510311,CONFORMING,Wholesale,Purchase,430000.0,2025-12-01
2025-12-15,82510325,NONCONFORMING,Wholesale,Refinance CashOut,417750.0,2025-12-08
2025-12-15,82510353,CONFORMING,Wholesale,Refinance CashOut,280000.0,2025-12-01
2025-12-15,82510356,NONCONFORMING,Wholesale,Refinance CashOut,210800.0,2025-12-12
2025-12-15,82510345,NONCONFORMING,Wholesale,Purchase,1955000.0,2025-12-09
2025-12-15,82510388,NONCONFORMING,Wholesale,Refinance CashOut,1095500.0,2025-12-05
2025-12-15,82510404,2ND,Wholesale,Refinance CashOut,850000.0,2025-12-03
2025-12-15,82510415,FHA,Wholesale,Purchase,395650.0,2025-12-12
2025-12-15,82504241,CONFORMING,Wholesale,Purchase,552900.0,2025-12-08
2025-12-15,82511366,FHA,Wholesale,Purchase,,2025-12-10
2025-12-15,82511367,NONCONFORMING,Wholesale,Purchase,,2025-12-11
2025-12-15,82507446,NONCONFORMING,Wholesale,Refinance CashOut,770000.0,2025-12-01
2025-12-15,82510707,2ND,Wholesale,Refinance CashOut,158000.0,2025-12-12
2025-12-15,82510711,NONCONFORMING,Wholesale,Purchase,191920.0,2025-12-12
2025-12-15,82510717,NONCONFORMING,Wholesale,Purchase,432000.0,2025-12-08
2025-12-15,82510721,NONCONFORMING,Wholesale,Refinance CashOut,1050000.0,2025-12-10
2025-12-15,82510727,NONCONFORMING,Wholesale,Refinance,150000.0,2025-12-12
2025-12-15,82510738,FHA BOND,Wholesale,Purchase,288535.0,2025-12-02
2025-12-15,82510744,2ND,Wholesale,Refinance CashOut,380000.0,2025-12-04
2025-12-15,82510746,NONCONFORMING,Wholesale,Refinance,652000.0,2025-12-05
2025-12-15,82510748,CONFORMING,Wholesale,Purchase,475000.0,2025-12-10
2025-12-15,82510753,ZERO INTEREST PROGRAM,Wholesale,Purchase,7339.0,2025-12-02
2025-12-15,82510756,NONCONFORMING,Wholesale,Purchase,318500.0,2025-12-08
2025-12-15,82510765,ZERO INTEREST PROGRAM,Wholesale,Purchase,10465.0,2025-12-02
2025-12-15,82511006,NONCONFORMING,Wholesale,Purchase,800000.0,2025-12-12
2025-12-15,82511018,NONCONFORMING,Wholesale,Purchase,570000.0,2025-12-01
2025-12-15,82511024,NONCONFORMING,Wholesale,Refinance,379000.0,2025-12-08
2025-12-15,82511028,FHA BOND,Wholesale,Purchase,588650.0,2025-12-04
2025-12-15,82511037,2ND,Wholesale,Refinance CashOut,331000.0,2025-12-02
2025-12-15,82511038,VA,Wholesale,Purchase,498400.0,2025-12-03
2025-12-15,82511039,ZERO INTEREST PROGRAM,Wholesale,Purchase,17659.0,2025-12-04
2025-12-15,82511040,NONCONFORMING,Wholesale,Refinance CashOut,892000.0,2025-12-10
2025-12-15,82511043,NONCONFORMING,Wholesale,Purchase,238000.0,2025-12-08
2025-12-15,82511060,ZERO INTEREST PROGRAM,Wholesale,Purchase,21350.0,2025-12-04
2025-12-15,82511061,CONFORMING,Wholesale,Purchase,250000.0,2025-12-05
2025-12-15,82511066,NONCONFORMING,Wholesale,Refinance CashOut,1350000.0,2025-12-15
2025-12-15,82511076,NONCONFORMING,Wholesale,Refinance,1480000.0,2025-12-11
2025-12-15,82511083,NONCONFORMING,Wholesale,Purchase,1080000.0,2025-12-01
2025-12-15,82511110,NONCONFORMING,Wholesale,Purchase,540000.0,2025-12-09
2025-12-15,82511117,CONFORMING,Wholesale,Purchase,225000.0,2025-12-11
2025-12-15,82511127,NONCONFORMING,Wholesale,Purchase,1125000.0,2025-12-05
2025-12-15,82511131,FHA,Wholesale,Purchase,430390.0,2025-12-04
2025-12-15,82511135,NONCONFORMING,Wholesale,Purchase,416000.0,2025-12-09
2025-12-15,82511138,CONFORMING,Wholesale,Purchase,655500.0,2025-12-05
2025-12-15,82511134,NONCONFORMING,Wholesale,Refinance CashOut,620000.0,2025-12-08
2025-12-15,82511139,NONCONFORMING,Wholesale,Purchase,875000.0,2025-12-01
2025-12-15,62511140,2ND,Retail,Refinance CashOut,200000.0,2025-12-10
2025-12-15,82511141,NONCONFORMING,Wholesale,Purchase,1180000.0,2025-12-05
2025-12-15,82511145,FHA,Wholesale,Purchase,550050.0,2025-12-02
2025-12-15,82511165,NONCONFORMING,Wholesale,Purchase,319200.0,2025-12-01
2025-12-15,82511166,NONCONFORMING,Wholesale,Refinance,302000.0,2025-12-12
2025-12-15,82511147,NONCONFORMING,Wholesale,Refinance CashOut,450000.0,2025-12-04
2025-12-15,82511151,NONCONFORMING,Wholesale,Purchase,585000.0,2025-12-05
2025-12-15,82511176,2ND,Wholesale,Refinance CashOut,175000.0,2025-12-08
2025-12-15,82511179,NONCONFORMING,Wholesale,Refinance CashOut,825000.0,2025-12-15
2025-12-15,82511187,NONCONFORMING,Wholesale,Purchase,912000.0,2025-12-01
2025-12-15,82511194,NONCONFORMING,Wholesale,Purchase,224000.0,2025-12-03
2025-12-15,82511195,CONFORMING,Wholesale,Purchase,636000.0,2025-12-03
2025-12-15,82511204,NONCONFORMING,Wholesale,Purchase,630000.0,2025-12-04
2025-12-15,82511226,NONCONFORMING,Wholesale,Purchase,661500.0,2025-12-10
2025-12-15,82511235,NONCONFORMING,Wholesale,Purchase,204000.0,2025-12-04
2025-12-15,82511213,FHA,Wholesale,Purchase,540000.0,2025-12-08
2025-12-15,82511214,NONCONFORMING,Wholesale,Refinance CashOut,800000.0,2025-12-03
2025-12-15,82511237,NONCONFORMING,Wholesale,Refinance,560000.0,2025-12-12
2025-12-15,82511248,NONCONFORMING,Wholesale,Purchase,220000.0,2025-12-05
2025-12-15,82511253,FHA BOND,Wholesale,Purchase,347400.0,2025-12-10
2025-12-15,82511256,CONFORMING,Wholesale,Refinance,575800.0,2025-12-10
2025-12-15,82511264,CONFORMING,Wholesale,Purchase,603250.0,2025-12-08
2025-12-15,82511265,2ND,Wholesale,Purchase,12600.0,2025-12-10
2025-12-15,82511273,NONCONFORMING,Wholesale,Purchase,697500.0,2025-12-04
2025-12-15,82511262,NONCONFORMING,Wholesale,Refinance CashOut,315000.0,2025-12-09
2025-12-15,82511279,NONCONFORMING,Wholesale,Refinance CashOut,247500.0,2025-12-09
2025-12-15,82511293,FHA,Wholesale,Purchase,1166685.0,2025-12-11
2025-12-15,82511304,NONCONFORMING,Wholesale,Refinance CashOut,736000.0,2025-12-12
2025-12-15,82511307,NONCONFORMING,Wholesale,Purchase,750000.0,2025-12-03
2025-12-15,82511309,NONCONFORMING,Wholesale,Refinance CashOut,337500.0,2025-12-10
2025-12-15,82511321,FHA,Wholesale,Refinance CashOut,580000.0,2025-12-15
2025-12-15,82511327,FHA BOND,Wholesale,Purchase,646550.0,2025-12-11
2025-12-15,82511330,NONCONFORMING,Wholesale,Purchase,955500.0,2025-12-04
2025-12-15,82511331,FHA,Wholesale,Purchase,366700.0,2025-12-09
2025-12-15,82511333,2ND,Wholesale,Purchase,23450.0,2025-12-11
2025-12-15,82511337,NONCONFORMING,Wholesale,Refinance CashOut,300000.0,2025-12-15
2025-12-15,82511370,NONCONFORMING,Wholesale,Purchase,,2025-12-15
2025-12-15,82510497,NONCONFORMING,Wholesale,Purchase,1440000.0,2025-12-04
2025-12-15,82510480,2ND,Wholesale,Refinance CashOut,265000.0,2025-12-01
2025-12-15,82510485,FHA BOND,Wholesale,Purchase,786475.0,2025-12-04
2025-12-15,82510489,2ND,Wholesale,Purchase,28525.0,2025-12-04
2025-12-15,82510491,NONCONFORMING,Wholesale,Refinance,1890000.0,2025-12-02
2025-12-15,82510509,NONCONFORMING,Wholesale,Purchase,410000.0,2025-12-02
2025-12-15,82510514,2ND,Wholesale,Refinance CashOut,300000.0,2025-12-10
2025-12-15,82511345,FHA,Wholesale,Purchase,1061500.0,2025-12-15
2025-12-15,82511515,NONCONFORMING,Wholesale,Purchase,,2025-12-10
2025-12-15,82511523,2ND,Wholesale,Refinance CashOut,,2025-12-15
