year,month,snapshot_day,approach,week,projected,actual,error_pct,is_known
2024,1,0,Median,Week 1,6270286.6455959,5725311.0,9.518708164428094,False
2024,1,0,Median,Week 2,8021264.107366236,6258040.0,28.175340959249795,False
2024,1,0,Median,Week 3,,11284030.0,,False
2024,1,0,Median,Week 4,,13363513.0,,False
2024,1,0,GBM,Week 1,5408201.053718239,5725311.0,-5.538737481365832,False
2024,1,0,GBM,Week 2,5768677.265147632,6258040.0,-7.819744438392339,False
2024,1,0,GBM,Week 3,11475709.142600931,11284030.0,1.6986762938500803,False
2024,1,0,GBM,Week 4,,13363513.0,,False
2024,1,0,Distributional,Week 1,10503001.813232638,5725311.0,83.44858145230255,False
2024,1,0,Distributional,Week 2,6885899.662464114,6258040.0,10.03284834331698,False
2024,1,0,Distributional,Week 3,5962963.627577757,11284030.0,-47.155726920455216,False
2024,1,0,Distributional,Week 4,5289234.002975301,13363513.0,-60.4203325654317,False
2024,1,0,Historical,Week 1,5101026.011456283,5725311.0,-10.90394894781641,False
2024,1,0,Historical,Week 2,5817462.249020368,6258040.0,-7.040187518450379,False
2024,1,0,Historical,Week 3,6705843.183599833,11284030.0,-40.57226732293486,False
2024,1,0,Historical,Week 4,11004460.60898434,13363513.0,-17.652935953410303,False
2024,1,8,Median,Week 1,5725311.0,5725311.0,0.0,True
2024,1,8,Median,Week 2,,6258040.0,,False
2024,1,8,Median,Week 3,,11284030.0,,False
2024,1,8,Median,Week 4,,13363513.0,,False
2024,1,8,GBM,Week 1,5725311.0,5725311.0,0.0,True
2024,1,8,GBM,Week 2,6913193.119232174,6258040.0,10.468982608487226,False
2024,1,8,GBM,Week 3,9190967.39062725,11284030.0,-18.54889263297554,False
2024,1,8,GBM,Week 4,,13363513.0,,False
2024,1,8,Distributional,Week 1,5725311.0,5725311.0,0.0,True
2024,1,8,Distributional,Week 2,11460399.39588996,6258040.0,83.13081085915015,False
2024,1,8,Distributional,Week 3,7715067.679544895,11284030.0,-31.628437007479643,False
2024,1,8,Distributional,Week 4,8404709.164636506,13363513.0,-37.10703791258702,False
2024,1,8,Historical,Week 1,5725311.0,5725311.0,0.0,True
2024,1,8,Historical,Week 2,6219052.966718386,6258040.0,-0.6229911167332595,False
2024,1,8,Historical,Week 3,6273681.744887204,11284030.0,-44.402117462580264,False
2024,1,8,Historical,Week 4,10295272.606994385,13363513.0,-22.95983393742061,False
2024,1,15,Median,Week 1,5725311.0,5725311.0,0.0,True
2024,1,15,Median,Week 2,6258040.0,6258040.0,0.0,True
2024,1,15,Median,Week 3,,11284030.0,,False
2024,1,15,Median,Week 4,,13363513.0,,False
2024,1,15,GBM,Week 1,5725311.0,5725311.0,0.0,True
2024,1,15,GBM,Week 2,6258040.0,6258040.0,0.0,True
2024,1,15,GBM,Week 3,11347072.824444573,11284030.0,0.5586906844857145,False
2024,1,15,GBM,Week 4,,13363513.0,,False
2024,1,15,Distributional,Week 1,5725311.0,5725311.0,0.0,True
2024,1,15,Distributional,Week 2,6258040.0,6258040.0,0.0,True
2024,1,15,Distributional,Week 3,13825727.783004357,11284030.0,22.524734363559443,False
2024,1,15,Distributional,Week 4,9743038.973449633,13363513.0,-27.09223260792553,False
2024,1,15,Historical,Week 1,5725311.0,5725311.0,0.0,True
2024,1,15,Historical,Week 2,6258040.0,6258040.0,0.0,True
2024,1,15,Historical,Week 3,5517528.502245877,11284030.0,-51.10320956036206,False
2024,1,15,Historical,Week 4,9054405.747275285,13363513.0,-32.24531792444632,False
2024,2,0,Median,Week 1,10501611.072350986,8594303.0,22.19270221623541,False
2024,2,0,Median,Week 2,,10621935.0,,False
2024,2,0,Median,Week 3,11758845.498153688,13077094.0,-10.080592078380041,False
2024,2,0,Median,Week 4,,24845982.0,,False
2024,2,0,GBM,Week 1,7550739.7070200825,8594303.0,-12.142500595800701,False
2024,2,0,GBM,Week 2,7902218.249757593,10621935.0,-25.60472032866335,False
2024,2,0,GBM,Week 3,15820897.465243893,13077094.0,20.981752255079705,False
2024,2,0,GBM,Week 4,,24845982.0,,False
2024,2,0,Distributional,Week 1,12756844.633803245,8594303.0,48.433731435850525,False
2024,2,0,Distributional,Week 2,9631625.187672064,10621935.0,-9.323252423667968,False
2024,2,0,Distributional,Week 3,9504720.53742907,13077094.0,-27.317792948272224,False
2024,2,0,Distributional,Week 4,7880620.901393976,24845982.0,-68.2821113635437,False
2024,2,0,Historical,Week 1,7084949.812652287,8594303.0,-17.562252428704376,False
2024,2,0,Historical,Week 2,8080027.033530418,10621935.0,-23.930742999929695,False
2024,2,0,Historical,Week 3,9313922.787419299,13077094.0,-28.776815495711062,False
2024,2,0,Historical,Week 4,15284386.11268808,24845982.0,-38.48346942902849,False
2024,2,8,Median,Week 1,8594303.0,8594303.0,0.0,True
2024,2,8,Median,Week 2,,10621935.0,,False
2024,2,8,Median,Week 3,6802480.264447326,13077094.0,-47.9817131814811,False
2024,2,8,Median,Week 4,,24845982.0,,False
2024,2,8,GBM,Week 1,8594303.0,8594303.0,0.0,True
2024,2,8,GBM,Week 2,10783614.498830961,10621935.0,1.5221284900628846,False
2024,2,8,GBM,Week 3,9746904.894298553,13077094.0,-25.465819131539824,False
2024,2,8,GBM,Week 4,,24845982.0,,False
2024,2,8,Distributional,Week 1,8594303.0,8594303.0,0.0,True
2024,2,8,Distributional,Week 2,18294820.238001436,10621935.0,72.2362285026357,False
2024,2,8,Distributional,Week 3,12216290.334072804,13077094.0,-6.582530231312828,False
2024,2,8,Distributional,Week 4,13977860.926285367,24845982.0,-43.74196630149145,False
2024,2,8,Historical,Week 1,8594303.0,8594303.0,0.0,True
2024,2,8,Historical,Week 2,11406898.41335819,10621935.0,7.39002275346431,False
2024,2,8,Historical,Week 3,9714052.850866089,13077094.0,-25.717037356571048,False
2024,2,8,Historical,Week 4,15941009.806549478,24845982.0,-35.84069324951826,False
2024,2,15,Median,Week 1,8594303.0,8594303.0,0.0,True
2024,2,15,Median,Week 2,10621935.0,10621935.0,0.0,True
2024,2,15,Median,Week 3,,13077094.0,,False
2024,2,15,Median,Week 4,,24845982.0,,False
2024,2,15,GBM,Week 1,8594303.0,8594303.0,0.0,True
2024,2,15,GBM,Week 2,10621935.0,10621935.0,0.0,True
2024,2,15,GBM,Week 3,14054031.219081637,13077094.0,7.470598736092564,False
2024,2,15,GBM,Week 4,,24845982.0,,False
2024,2,15,Distributional,Week 1,8594303.0,8594303.0,0.0,True
2024,2,15,Distributional,Week 2,10621935.0,10621935.0,0.0,True
2024,2,15,Distributional,Week 3,20929112.448318176,13077094.0,60.04406214651493,False
2024,2,15,Distributional,Week 4,13880145.036958385,24845982.0,-44.13525278671463,False
2024,2,15,Historical,Week 1,8594303.0,8594303.0,0.0,True
2024,2,15,Historical,Week 2,10621935.0,10621935.0,0.0,True
2024,2,15,Historical,Week 3,9426400.423282634,13077094.0,-27.91670364010051,False
2024,2,15,Historical,Week 4,12727631.463848425,24845982.0,-48.773884389643264,False
2024,3,0,Median,Week 1,14389208.946164059,13422905.0,7.198918163870329,False
2024,3,0,Median,Week 2,7933107.371853514,14353572.0,-44.73077940561755,False
2024,3,0,Median,Week 3,,9160790.0,,False
2024,3,0,Median,Week 4,,23520991.0,,False
2024,3,0,GBM,Week 1,12066313.43573962,13422905.0,-10.10654224447227,False
2024,3,0,GBM,Week 2,12214787.830028672,14353572.0,-14.900710220224822,False
2024,3,0,GBM,Week 3,15584309.129857874,9160790.0,70.11970725077066,False
2024,3,0,GBM,Week 4,,23520991.0,,False
2024,3,0,Distributional,Week 1,19031214.049076743,13422905.0,41.78163407307691,False
2024,3,0,Distributional,Week 2,11947575.057321884,14353572.0,-16.76235673376715,False
2024,3,0,Distributional,Week 3,12577098.083446955,9160790.0,37.29272348178438,False
2024,3,0,Distributional,Week 4,13062217.870988917,23520991.0,-44.46569929392466,False
2024,3,0,Historical,Week 1,10085447.075520325,13422905.0,-24.863901848963952,False
2024,3,0,Historical,Week 2,11501942.451295655,14353572.0,-19.867037617565472,False
2024,3,0,Historical,Week 3,13258396.71725706,9160790.0,44.729840082100566,False
2024,3,0,Historical,Week 4,21757368.97190902,23520991.0,-7.498077049946492,False
2024,3,8,Median,Week 1,13422905.0,13422905.0,0.0,True
2024,3,8,Median,Week 2,,14353572.0,,False
2024,3,8,Median,Week 3,,9160790.0,,False
2024,3,8,Median,Week 4,,23520991.0,,False
2024,3,8,GBM,Week 1,13422905.0,13422905.0,0.0,True
2024,3,8,GBM,Week 2,15089677.890991807,14353572.0,5.128381221007614,False
2024,3,8,GBM,Week 3,9915694.288988609,9160790.0,8.240602491582155,False
2024,3,8,GBM,Week 4,,23520991.0,,False
2024,3,8,Distributional,Week 1,13422905.0,13422905.0,0.0,True
2024,3,8,Distributional,Week 2,22353246.60891611,14353572.0,55.73298833848545,False
2024,3,8,Distributional,Week 3,12630128.150938563,9160790.0,37.87160442427523,False
2024,3,8,Distributional,Week 4,17824995.499680106,23520991.0,-24.216647590740944,False
2024,3,8,Historical,Week 1,13422905.0,13422905.0,0.0,True
2024,3,8,Historical,Week 2,15530374.18555344,14353572.0,8.198671282336138,False
2024,3,8,Historical,Week 3,10946040.68679559,9160790.0,19.48795558893491,False
2024,3,8,Historical,Week 4,17962733.434741482,23520991.0,-23.63105179224174,False
2024,3,15,Median,Week 1,13422905.0,13422905.0,0.0,True
2024,3,15,Median,Week 2,14353572.0,14353572.0,0.0,True
2024,3,15,Median,Week 3,,9160790.0,,False
2024,3,15,Median,Week 4,,23520991.0,,False
2024,3,15,GBM,Week 1,13422905.0,13422905.0,0.0,True
2024,3,15,GBM,Week 2,14353572.0,14353572.0,0.0,True
2024,3,15,GBM,Week 3,7074220.183371091,9160790.0,-22.777182062124652,False
2024,3,15,GBM,Week 4,,23520991.0,,False
2024,3,15,Distributional,Week 1,13422905.0,13422905.0,0.0,True
2024,3,15,Distributional,Week 2,14353572.0,14353572.0,0.0,True
2024,3,15,Distributional,Week 3,17045731.1754743,9160790.0,86.07272053473882,False
2024,3,15,Distributional,Week 4,19823175.44154792,23520991.0,-15.721342516784606,False
2024,3,15,Historical,Week 1,13422905.0,13422905.0,0.0,True
2024,3,15,Historical,Week 2,14353572.0,14353572.0,0.0,True
2024,3,15,Historical,Week 3,10830707.538067736,9160790.0,18.228968659555953,False
2024,3,15,Historical,Week 4,13056709.806059873,23520991.0,-44.489116950642625,False
2024,4,0,Median,Week 1,16125478.412984218,15373359.0,4.892355749867146,False
2024,4,0,Median,Week 2,,13586567.0,,False
2024,4,0,Median,Week 3,14727919.997820616,18660968.0,-21.07633431545129,False
2024,4,0,Median,Week 4,,28433343.0,,False
2024,4,0,GBM,Week 1,16169443.033347346,15373359.0,5.1783350232525365,False
2024,4,0,GBM,Week 2,13697155.884667944,13586567.0,0.8139575263416002,False
2024,4,0,GBM,Week 3,24141623.441589054,18660968.0,29.369620276874457,False
2024,4,0,GBM,Week 4,,28433343.0,,False
2024,4,0,Distributional,Week 1,27409573.058172986,15373359.0,78.29267538846251,False
2024,4,0,Distributional,Week 2,14890918.891345846,13586567.0,9.600305149533694,False
2024,4,0,Distributional,Week 3,13123281.10247204,18660968.0,-29.67523923479189,False
2024,4,0,Distributional,Week 4,10554478.062437655,28433343.0,-62.879925647724036,False
2024,4,0,Historical,Week 1,11752215.779537737,15373359.0,-23.554665057013647,False
2024,4,0,Historical,Week 2,13402807.883405399,13586567.0,-1.3525058728566342,False
2024,4,0,Historical,Week 3,15449542.092201296,18660968.0,-17.20932112309878,False
2024,4,0,Historical,Week 4,25353094.715407252,28433343.0,-10.833225922793348,False
2024,4,8,Median,Week 1,15373359.0,15373359.0,0.0,True
2024,4,8,Median,Week 2,,13586567.0,,False
2024,4,8,Median,Week 3,11094289.318851296,18660968.0,-40.548157422212526,False
2024,4,8,Median,Week 4,,28433343.0,,False
2024,4,8,GBM,Week 1,15373359.0,15373359.0,0.0,True
2024,4,8,GBM,Week 2,12422583.640325956,13586567.0,-8.567163137487519,False
2024,4,8,GBM,Week 3,22384801.56427605,18660968.0,19.955200417663495,False
2024,4,8,GBM,Week 4,,28433343.0,,False
2024,4,8,Distributional,Week 1,15373359.0,15373359.0,0.0,True
2024,4,8,Distributional,Week 2,25364314.372175097,13586567.0,86.68670586304177,False
2024,4,8,Distributional,Week 3,15455772.056532651,18660968.0,-17.175936122216964,False
2024,4,8,Distributional,Week 4,17067556.200830363,28433343.0,-39.97344525815919,False
2024,4,8,Historical,Week 1,15373359.0,15373359.0,0.0,True
2024,4,8,Historical,Week 2,15167566.321724376,13586567.0,11.636488612056127,False
2024,4,8,Historical,Week 3,12544147.878243862,18660968.0,-32.77868608828941,False
2024,4,8,Historical,Week 4,20585268.313015565,28433343.0,-27.601660089650505,False
2024,4,15,Median,Week 1,15373359.0,15373359.0,0.0,True
2024,4,15,Median,Week 2,13586567.0,13586567.0,0.0,True
2024,4,15,Median,Week 3,,18660968.0,,False
2024,4,15,Median,Week 4,,28433343.0,,False
2024,4,15,GBM,Week 1,15373359.0,15373359.0,0.0,True
2024,4,15,GBM,Week 2,13586567.0,13586567.0,0.0,True
2024,4,15,GBM,Week 3,18650591.125654064,18660968.0,-0.05560737441881836,False
2024,4,15,GBM,Week 4,,28433343.0,,False
2024,4,15,Distributional,Week 1,15373359.0,15373359.0,0.0,True
2024,4,15,Distributional,Week 2,13586567.0,13586567.0,0.0,True
2024,4,15,Distributional,Week 3,28514570.117148902,18660968.0,52.80327428431849,False
2024,4,15,Distributional,Week 4,17174469.53879068,28433343.0,-39.5974313017267,False
2024,4,15,Historical,Week 1,15373359.0,15373359.0,0.0,True
2024,4,15,Historical,Week 2,13586567.0,13586567.0,0.0,True
2024,4,15,Historical,Week 3,13225277.410526274,18660968.0,-29.128663579905,False
2024,4,15,Historical,Week 4,16277624.468555935,28433343.0,-42.75163328998657,False
2024,5,0,Median,Week 1,14156836.93784035,12934470.0,9.450460187702705,False
2024,5,0,Median,Week 2,7720677.25298162,12487602.0,-38.173259742089634,False
2024,5,0,Median,Week 3,9938000.09977671,16314610.0,-39.085273262574404,False
2024,5,0,Median,Week 4,19142608.067424055,36440446.0,-47.46878765582602,False
2024,5,0,GBM,Week 1,10170345.297395553,12934470.0,-21.370220060075493,False
2024,5,0,GBM,Week 2,13909718.2057739,12487602.0,11.388224943218876,False
2024,5,0,GBM,Week 3,18321892.66439337,16314610.0,12.303589631584016,False
2024,5,0,GBM,Week 4,,36440446.0,,False
2024,5,0,Distributional,Week 1,18014017.04577647,12934470.0,39.27139686261958,False
2024,5,0,Distributional,Week 2,13497309.442277053,12487602.0,8.085679238312155,False
2024,5,0,Distributional,Week 3,13046669.046606079,16314610.0,-20.030763551160103,False
2024,5,0,Distributional,Week 4,14493001.43143689,36440446.0,-60.228254529494805,False
2024,5,0,Historical,Week 1,10525815.78483409,12934470.0,-18.621978443383526,False
2024,5,0,Historical,Week 2,12004160.698434386,12487602.0,-3.8713701923364754,False
2024,5,0,Historical,Week 3,13837308.39129875,16314610.0,-15.184559169365677,False
2024,5,0,Historical,Week 4,22707377.872900512,36440446.0,-37.68633382560545,False
2024,5,8,Median,Week 1,12934470.0,12934470.0,0.0,True
2024,5,8,Median,Week 2,,12487602.0,,False
2024,5,8,Median,Week 3,5919321.430104528,16314610.0,-63.717665147346295,False
2024,5,8,Median,Week 4,20715307.056667212,36440446.0,-43.152981561567024,False
2024,5,8,GBM,Week 1,12934470.0,12934470.0,0.0,True
2024,5,8,GBM,Week 2,12976009.417045016,12487602.0,3.911138560029506,False
2024,5,8,GBM,Week 3,11310079.249994917,16314610.0,-30.67514791959528,False
2024,5,8,GBM,Week 4,,36440446.0,,False
2024,5,8,Distributional,Week 1,12934470.0,12934470.0,0.0,True
2024,5,8,Distributional,Week 2,20612128.414957486,12487602.0,65.06074116517716,False
2024,5,8,Distributional,Week 3,14370292.179279888,16314610.0,-11.91764817375415,False
2024,5,8,Distributional,Week 4,21675661.90178854,36440446.0,-40.51757241997384,False
2024,5,8,Historical,Week 1,12934470.0,12934470.0,0.0,True
2024,5,8,Historical,Week 2,14278425.517895084,12487602.0,14.34081193406936,False
2024,5,8,Historical,Week 3,12443330.99107118,16314610.0,-23.72890929620028,False
2024,5,8,Historical,Week 4,20419825.216116805,36440446.0,-43.96384386701303,False
2024,5,15,Median,Week 1,12934470.0,12934470.0,0.0,True
2024,5,15,Median,Week 2,12487602.0,12487602.0,0.0,True
2024,5,15,Median,Week 3,,16314610.0,,False
2024,5,15,Median,Week 4,15090478.963457746,36440446.0,-58.58865458601207,False
2024,5,15,GBM,Week 1,12934470.0,12934470.0,0.0,True
2024,5,15,GBM,Week 2,12487602.0,12487602.0,0.0,True
2024,5,15,GBM,Week 3,14380479.499473304,16314610.0,-11.855205245646058,False
2024,5,15,GBM,Week 4,,36440446.0,,False
2024,5,15,Distributional,Week 1,12934470.0,12934470.0,0.0,True
2024,5,15,Distributional,Week 2,12487602.0,12487602.0,0.0,True
2024,5,15,Distributional,Week 3,25788618.10433887,16314610.0,58.07069923423771,False
2024,5,15,Distributional,Week 4,24697876.24751036,36440446.0,-32.22400118947403,False
2024,5,15,Historical,Week 1,12934470.0,12934470.0,0.0,True
2024,5,15,Historical,Week 2,12487602.0,12487602.0,0.0,True
2024,5,15,Historical,Week 3,12045260.385628121,16314610.0,-26.168873263730358,False
2024,5,15,Historical,Week 4,19274404.735389736,36440446.0,-47.10711077633425,False
2024,6,0,Median,Week 1,11217205.48053398,9387145.0,19.495389498446862,False
2024,6,0,Median,Week 2,6752507.131501714,15653497.0,-56.86262864137187,False
2024,6,0,Median,Week 3,6317110.117383375,15607878.0,-59.526143673192635,False
2024,6,0,Median,Week 4,,19262271.0,,False
2024,6,0,GBM,Week 1,7310844.65920333,9387145.0,-22.11854979119498,False
2024,6,0,GBM,Week 2,9458087.251239639,15653497.0,-39.57843891853916,False
2024,6,0,GBM,Week 3,22713413.127127774,15607878.0,45.52531181450659,False
2024,6,0,GBM,Week 4,,19262271.0,,False
2024,6,0,Distributional,Week 1,15710338.490999589,9387145.0,67.36013442851461,False
2024,6,0,Distributional,Week 2,11476678.055336788,15653497.0,-26.682976619621872,False
2024,6,0,Distributional,Week 3,11539979.821523828,15607878.0,-26.063108505052202,False
2024,6,0,Distributional,Week 4,11612961.536672018,19262271.0,-39.711358350881795,False
2024,6,0,Historical,Week 1,8970374.153074212,9387145.0,-4.439804082346524,False
2024,6,0,Historical,Week 2,10230258.163337445,15653497.0,-34.64554173845343,False
2024,6,0,Historical,Week 3,11792514.336063854,15607878.0,-24.44511460133239,False
2024,6,0,Historical,Week 4,19351818.397643246,19262271.0,0.46488494343811154,False
2024,6,8,Median,Week 1,9387145.0,9387145.0,0.0,True
2024,6,8,Median,Week 2,,15653497.0,,False
2024,6,8,Median,Week 3,4415565.799107127,15607878.0,-71.7093777955778,False
2024,6,8,Median,Week 4,,19262271.0,,False
2024,6,8,GBM,Week 1,9387145.0,9387145.0,0.0,True
2024,6,8,GBM,Week 2,11097843.920580367,15653497.0,-29.103101239420386,False
2024,6,8,GBM,Week 3,16127153.619085584,15607878.0,3.327009726021589,False
2024,6,8,GBM,Week 4,,19262271.0,,False
2024,6,8,Distributional,Week 1,9387145.0,9387145.0,0.0,True
2024,6,8,Distributional,Week 2,20078000.024170116,15653497.0,28.265268931090066,False
2024,6,8,Distributional,Week 3,12765857.145340227,15607878.0,-18.20888691377376,False
2024,6,8,Distributional,Week 4,15292515.77027237,19262271.0,-20.608967809287023,False
2024,6,8,Historical,Week 1,9387145.0,9387145.0,0.0,True
2024,6,8,Historical,Week 2,9771831.811084663,15653497.0,-37.574129211608984,False
2024,6,8,Historical,Week 3,11264081.989132075,15607878.0,-27.830791673717115,False
2024,6,8,Historical,Week 4,18484647.36678084,19262271.0,-4.037029866411703,False
2024,6,15,Median,Week 1,9387145.0,9387145.0,0.0,True
2024,6,15,Median,Week 2,15653497.0,15653497.0,0.0,True
2024,6,15,Median,Week 3,,15607878.0,,False
2024,6,15,Median,Week 4,,19262271.0,,False
2024,6,15,GBM,Week 1,9387145.0,9387145.0,0.0,True
2024,6,15,GBM,Week 2,15653497.0,15653497.0,0.0,True
2024,6,15,GBM,Week 3,14573378.078113249,15607878.0,-6.628062584079345,False
2024,6,15,GBM,Week 4,,19262271.0,,False
2024,6,15,Distributional,Week 1,9387145.0,9387145.0,0.0,True
2024,6,15,Distributional,Week 2,15653497.0,15653497.0,0.0,True
2024,6,15,Distributional,Week 3,21144038.376633823,15607878.0,35.47029504352752,False
2024,6,15,Distributional,Week 4,14539203.926619846,19262271.0,-24.519783121004547,False
2024,6,15,Historical,Week 1,9387145.0,9387145.0,0.0,True
2024,6,15,Historical,Week 2,15653497.0,15653497.0,0.0,True
2024,6,15,Historical,Week 3,8350038.26518597,15607878.0,-46.50113061374538,False
2024,6,15,Historical,Week 4,13702626.896715438,19262271.0,-28.86286930177943,False
2024,7,0,Median,Week 1,,12405760.0,,False
2024,7,0,Median,Week 2,,13700512.0,,False
2024,7,0,Median,Week 3,14357912.145964414,23504426.0,-38.91400646855016,False
2024,7,0,Median,Week 4,,35908888.0,,False
2024,7,0,GBM,Week 1,10188190.538256412,12405760.0,-17.875321316417438,False
2024,7,0,GBM,Week 2,15993070.264777267,13700512.0,16.73337656853457,False
2024,7,0,GBM,Week 3,24210971.04583553,23504426.0,3.0060085102079435,False
2024,7,0,GBM,Week 4,,35908888.0,,False
2024,7,0,Distributional,Week 1,21101777.51431574,12405760.0,70.09661249545162,False
2024,7,0,Distributional,Week 2,15334184.40255069,13700512.0,11.92417044378115,False
2024,7,0,Distributional,Week 3,14016212.661559114,23504426.0,-40.36777302470984,False
2024,7,0,Distributional,Week 4,12479672.53586521,35908888.0,-65.24628516520698,False
2024,7,0,Historical,Week 1,11211802.843947249,12405760.0,-9.624216138735164,False
2024,7,0,Historical,Week 2,12786494.254614,13700512.0,-6.671413049278748,False
2024,7,0,Historical,Week 3,14739111.603840766,23504426.0,-37.29218657013463,False
2024,7,0,Historical,Week 4,24187260.067841258,35908888.0,-32.64269261737858,False
2024,7,8,Median,Week 1,12405760.0,12405760.0,0.0,True
2024,7,8,Median,Week 2,,13700512.0,,False
2024,7,8,Median,Week 3,11003208.496592777,23504426.0,-53.18665303040041,False
2024,7,8,Median,Week 4,,35908888.0,,False
2024,7,8,GBM,Week 1,12405760.0,12405760.0,0.0,True
2024,7,8,GBM,Week 2,12635480.472192843,13700512.0,-7.773662238368592,False
2024,7,8,GBM,Week 3,22718552.848926242,23504426.0,-3.3435113500485296,False
2024,7,8,GBM,Week 4,,35908888.0,,False
2024,7,8,Distributional,Week 1,12405760.0,12405760.0,0.0,True
2024,7,8,Distributional,Week 2,25538607.26179791,13700512.0,86.40622526952211,False
2024,7,8,Distributional,Week 3,15069397.068018865,23504426.0,-35.88698116678593,False
2024,7,8,Distributional,Week 4,18641477.808321726,35908888.0,-48.086730482097565,False
2024,7,8,Historical,Week 1,12405760.0,12405760.0,0.0,True
2024,7,8,Historical,Week 2,13122661.461416906,13700512.0,-4.2177295168464815,False
2024,7,8,Historical,Week 3,13543103.260943627,23504426.0,-42.38062541521487,False
2024,7,8,Historical,Week 4,22224579.710266463,35908888.0,-38.10841563719137,False
2024,7,15,Median,Week 1,12405760.0,12405760.0,0.0,True
2024,7,15,Median,Week 2,13700512.0,13700512.0,0.0,True
2024,7,15,Median,Week 3,,23504426.0,,False
2024,7,15,Median,Week 4,,35908888.0,,False
2024,7,15,GBM,Week 1,12405760.0,12405760.0,0.0,True
2024,7,15,GBM,Week 2,13700512.0,13700512.0,0.0,True
2024,7,15,GBM,Week 3,25703750.644185483,23504426.0,9.357065959345205,False
2024,7,15,GBM,Week 4,,35908888.0,,False
2024,7,15,Distributional,Week 1,12405760.0,12405760.0,0.0,True
2024,7,15,Distributional,Week 2,13700512.0,13700512.0,0.0,True
2024,7,15,Distributional,Week 3,30557255.672315914,23504426.0,30.00638974257833,False
2024,7,15,Distributional,Week 4,21559736.781685576,35908888.0,-39.959887419277436,False
2024,7,15,Historical,Week 1,12405760.0,12405760.0,0.0,True
2024,7,15,Historical,Week 2,13700512.0,13700512.0,0.0,True
2024,7,15,Historical,Week 3,14087728.826107236,23504426.0,-40.06350622598809,False
2024,7,15,Historical,Week 4,19064990.894124694,35908888.0,-46.90732028759928,False
2024,8,0,Median,Week 1,13075380.303151593,12457065.0,4.963571299913684,False
2024,8,0,Median,Week 2,6922300.100602297,14293815.0,-51.57136075566741,False
2024,8,0,Median,Week 3,15452429.390761914,21950172.0,-29.60224006098032,False
2024,8,0,Median,Week 4,,32020882.0,,False
2024,8,0,GBM,Week 1,6616973.181072117,12457065.0,-46.881764034528864,False
2024,8,0,GBM,Week 2,13004081.6115723,14293815.0,-9.02301721708096,False
2024,8,0,GBM,Week 3,29493525.20068973,21950172.0,34.365804517111435,False
2024,8,0,GBM,Week 4,,32020882.0,,False
2024,8,0,Distributional,Week 1,17766554.909892168,12457065.0,42.622318418441004,False
2024,8,0,Distributional,Week 2,13782370.544691958,14293815.0,-3.5780822356245863,False
2024,8,0,Distributional,Week 3,14132348.795052513,21950172.0,-35.61622754002787,False
2024,8,0,Distributional,Week 4,14617354.529526088,32020882.0,-54.35055621039393,False
2024,8,0,Historical,Week 1,10743014.800050711,12457065.0,-13.759663291066465,False
2024,8,0,Historical,Week 2,12251865.193316262,14293815.0,-14.285548026777581,False
2024,8,0,Historical,Week 3,14122839.680965545,21950172.0,-35.6595489048307,False
2024,8,0,Historical,Week 4,23175942.04055884,32020882.0,-27.622412023007858,False
2024,8,8,Median,Week 1,12457065.0,12457065.0,0.0,True
2024,8,8,Median,Week 2,,14293815.0,,False
2024,8,8,Median,Week 3,6166014.539695006,21950172.0,-71.90903770733547,False
2024,8,8,Median,Week 4,,32020882.0,,False
2024,8,8,GBM,Week 1,12457065.0,12457065.0,0.0,True
2024,8,8,GBM,Week 2,15276745.71492263,14293815.0,6.876615619571328,False
2024,8,8,GBM,Week 3,12991071.994525079,21950172.0,-40.81562552436911,False
2024,8,8,GBM,Week 4,,32020882.0,,False
2024,8,8,Distributional,Week 1,12457065.0,12457065.0,0.0,True
2024,8,8,Distributional,Week 2,24431974.71191569,14293815.0,70.92689888539687,False
2024,8,8,Distributional,Week 3,15287053.094525192,21950172.0,-30.355656919111198,False
2024,8,8,Distributional,Week 4,22912154.309917264,32020882.0,-28.446211100877033,False
2024,8,8,Historical,Week 1,12457065.0,12457065.0,0.0,True
2024,8,8,Historical,Week 2,15149212.177913507,14293815.0,5.984386798860259,False
2024,8,8,Historical,Week 3,13940898.323309166,21950172.0,-36.488432421808966,False
2024,8,8,Historical,Week 4,22877371.60748171,32020882.0,-28.554836161347115,False
2024,8,15,Median,Week 1,12457065.0,12457065.0,0.0,True
2024,8,15,Median,Week 2,14293815.0,14293815.0,0.0,True
2024,8,15,Median,Week 3,,21950172.0,,False
2024,8,15,Median,Week 4,,32020882.0,,False
2024,8,15,GBM,Week 1,12457065.0,12457065.0,0.0,True
2024,8,15,GBM,Week 2,14293815.0,14293815.0,0.0,True
2024,8,15,GBM,Week 3,21804529.79159613,21950172.0,-0.663512834450092,False
2024,8,15,GBM,Week 4,,32020882.0,,False
2024,8,15,Distributional,Week 1,12457065.0,12457065.0,0.0,True
2024,8,15,Distributional,Week 2,14293815.0,14293815.0,0.0,True
2024,8,15,Distributional,Week 3,30185642.99534341,21950172.0,37.51893604908157,False
2024,8,15,Distributional,Week 4,22141963.59510139,32020882.0,-30.851487491501985,False
2024,8,15,Historical,Week 1,12457065.0,12457065.0,0.0,True
2024,8,15,Historical,Week 2,14293815.0,14293815.0,0.0,True
2024,8,15,Historical,Week 3,13717711.591459485,21950172.0,-37.50522049914012,False
2024,8,15,Historical,Week 4,19362890.81675403,32020882.0,-39.530426373783115,False
2024,9,0,Median,Week 1,,14556340.0,,False
2024,9,0,Median,Week 2,,17760469.0,,False
2024,9,0,Median,Week 3,,16662002.0,,False
2024,9,0,Median,Week 4,,32298193.0,,False
2024,9,0,GBM,Week 1,15579088.7225232,14556340.0,7.026139280363054,False
2024,9,0,GBM,Week 2,12258687.476291908,17760469.0,-30.977681522419775,False
2024,9,0,GBM,Week 3,25182025.01769889,16662002.0,51.13444961595186,False
2024,9,0,GBM,Week 4,,32298193.0,,False
2024,9,0,Distributional,Week 1,27044781.151924774,14556340.0,85.79382696422847,False
2024,9,0,Distributional,Week 2,15385422.502555426,17760469.0,-13.372656417150775,False
2024,9,0,Distributional,Week 3,14862377.718478624,16662002.0,-10.800768608246333,False
2024,9,0,Distributional,Week 4,13422279.303563505,32298193.0,-58.442630819738106,False
2024,9,0,Historical,Week 1,12610349.632407434,14556340.0,-13.368678992058209,False
2024,9,0,Historical,Week 2,14381466.153812975,17760469.0,-19.02541451009557,False
2024,9,0,Historical,Week 3,16577650.640355842,16662002.0,-0.5062498470721455,False
2024,9,0,Historical,Week 4,27204349.76878907,32298193.0,-15.771294794141976,False
2024,9,8,Median,Week 1,14556340.0,14556340.0,0.0,True
2024,9,8,Median,Week 2,,17760469.0,,False
2024,9,8,Median,Week 3,,16662002.0,,False
2024,9,8,Median,Week 4,,32298193.0,,False
2024,9,8,GBM,Week 1,14556340.0,14556340.0,0.0,True
2024,9,8,GBM,Week 2,12144468.250326414,17760469.0,-31.620790811738058,False
2024,9,8,GBM,Week 3,21130633.683427945,16662002.0,26.819296285211973,False
2024,9,8,GBM,Week 4,,32298193.0,,False
2024,9,8,Distributional,Week 1,14556340.0,14556340.0,0.0,True
2024,9,8,Distributional,Week 2,27727832.853538387,17760469.0,56.12106219457598,False
2024,9,8,Distributional,Week 3,16923379.81844127,16662002.0,1.5687059600717355,False
2024,9,8,Distributional,Week 4,19055714.924307518,32298193.0,-41.0006778883651,False
2024,9,8,Historical,Week 1,14556340.0,14556340.0,0.0,True
2024,9,8,Historical,Week 2,12932506.302046297,17760469.0,-27.183756791297025,False
2024,9,8,Historical,Week 3,14907421.0575312,16662002.0,-10.530432912376314,False
2024,9,8,Historical,Week 4,24463460.196974277,32298193.0,-24.25749577701057,False
2024,9,15,Median,Week 1,14556340.0,14556340.0,0.0,True
2024,9,15,Median,Week 2,17760469.0,17760469.0,0.0,True
2024,9,15,Median,Week 3,,16662002.0,,False
2024,9,15,Median,Week 4,,32298193.0,,False
2024,9,15,GBM,Week 1,14556340.0,14556340.0,0.0,True
2024,9,15,GBM,Week 2,17760469.0,17760469.0,0.0,True
2024,9,15,GBM,Week 3,17200679.474579632,16662002.0,3.2329696910349206,False
2024,9,15,GBM,Week 4,,32298193.0,,False
2024,9,15,Distributional,Week 1,14556340.0,14556340.0,0.0,True
2024,9,15,Distributional,Week 2,17760469.0,17760469.0,0.0,True
2024,9,15,Distributional,Week 3,28162259.13057817,16662002.0,69.0208603418615,False
2024,9,15,Distributional,Week 4,21635603.712348215,32298193.0,-33.01295923165666,False
2024,9,15,Historical,Week 1,14556340.0,14556340.0,0.0,True
2024,9,15,Historical,Week 2,17760469.0,17760469.0,0.0,True
2024,9,15,Historical,Week 3,11653550.03444798,16662002.0,-30.05912474114468,False
2024,9,15,Historical,Week 4,19123774.415504374,32298193.0,-40.789955600598546,False
2024,10,0,Median,Week 1,30970885.729919385,18279626.0,69.42844306507904,False
2024,10,0,Median,Week 2,,12600756.0,,False
2024,10,0,Median,Week 3,,36585412.0,,False
2024,10,0,Median,Week 4,,58593124.0,,False
2024,10,0,GBM,Week 1,15258457.372300124,18279626.0,-16.527518821773903,False
2024,10,0,GBM,Week 2,21242987.169838417,12600756.0,68.58502116728883,False
2024,10,0,GBM,Week 3,35742038.10103463,36585412.0,-2.3052190828556847,False
2024,10,0,GBM,Week 4,,58593124.0,,False
2024,10,0,Distributional,Week 1,37479423.695627704,18279626.0,105.0338650015471,False
2024,10,0,Distributional,Week 2,24131400.62447451,12600756.0,91.50756212146725,False
2024,10,0,Distributional,Week 3,19439909.716400072,36585412.0,-46.864313796985336,False
2024,10,0,Distributional,Week 4,18148031.94441623,58593124.0,-69.02702790788861,False
2024,10,0,Historical,Week 1,17667780.986473057,18279626.0,-3.347141859067262,False
2024,10,0,Historical,Week 2,20149210.900303546,12600756.0,59.904777937955046,False
2024,10,0,Historical,Week 3,23226183.99345335,36585412.0,-36.51517716008405,False
2024,10,0,Historical,Week 4,38114763.476436265,58593124.0,-34.95010869119,False
2024,10,8,Median,Week 1,18279626.0,18279626.0,0.0,True
2024,10,8,Median,Week 2,,12600756.0,,False
2024,10,8,Median,Week 3,,36585412.0,,False
2024,10,8,Median,Week 4,,58593124.0,,False
2024,10,8,GBM,Week 1,18279626.0,18279626.0,0.0,True
2024,10,8,GBM,Week 2,18980937.80973057,12600756.0,50.63332556975606,False
2024,10,8,GBM,Week 3,25680542.6931344,36585412.0,-29.80660517603464,False
2024,10,8,GBM,Week 4,,58593124.0,,False
2024,10,8,Distributional,Week 1,18279626.0,18279626.0,0.0,True
2024,10,8,Distributional,Week 2,43308227.85548313,12600756.0,243.69547236279416,False
2024,10,8,Distributional,Week 3,24042518.3657059,36585412.0,-34.28386602368753,False
2024,10,8,Distributional,Week 4,28986502.7712781,58593124.0,-50.529173403899584,False
2024,10,8,Historical,Week 1,18279626.0,18279626.0,0.0,True
2024,10,8,Historical,Week 2,21595717.601084445,12600756.0,71.38430107752617,False
2024,10,8,Historical,Week 3,21944478.042629357,36585412.0,-40.018502340142135,False
2024,10,8,Historical,Week 4,36011451.14687894,58593124.0,-38.5398000849401,False
2024,10,15,Median,Week 1,18279626.0,18279626.0,0.0,True
2024,10,15,Median,Week 2,12600756.0,12600756.0,0.0,True
2024,10,15,Median,Week 3,,36585412.0,,False
2024,10,15,Median,Week 4,,58593124.0,,False
2024,10,15,GBM,Week 1,18279626.0,18279626.0,0.0,True
2024,10,15,GBM,Week 2,12600756.0,12600756.0,0.0,True
2024,10,15,GBM,Week 3,34491372.20897738,36585412.0,-5.723701542632951,False
2024,10,15,GBM,Week 4,,58593124.0,,False
2024,10,15,Distributional,Week 1,18279626.0,18279626.0,0.0,True
2024,10,15,Distributional,Week 2,12600756.0,12600756.0,0.0,True
2024,10,15,Distributional,Week 3,58365030.52025077,36585412.0,59.53088220039935,False
2024,10,15,Distributional,Week 4,34963686.244755656,58593124.0,-40.328004622597604,False
2024,10,15,Historical,Week 1,18279626.0,18279626.0,0.0,True
2024,10,15,Historical,Week 2,12600756.0,12600756.0,0.0,True
2024,10,15,Historical,Week 3,28865124.184366982,36585412.0,-21.10209341262309,False
2024,10,15,Historical,Week 4,32330829.430756073,58593124.0,-44.8214615920529,False
2024,11,0,Median,Week 1,,16659399.0,,False
2024,11,0,Median,Week 2,,17647147.0,,False
2024,11,0,Median,Week 3,17722581.521677382,31223847.0,-43.24023711211055,False
2024,11,0,Median,Week 4,,49268350.0,,False
2024,11,0,GBM,Week 1,13805654.847333714,16659399.0,-17.12993459527733,False
2024,11,0,GBM,Week 2,15243557.439376341,17647147.0,-13.62027278757104,False
2024,11,0,GBM,Week 3,31890044.198156223,31223847.0,2.1336166493392783,False
2024,11,0,GBM,Week 4,,49268350.0,,False
2024,11,0,Distributional,Week 1,31967519.446195804,16659399.0,91.88879170368513,False
2024,11,0,Distributional,Week 2,20364011.367739648,17647147.0,15.395487824403842,False
2024,11,0,Distributional,Week 3,19481261.851896662,31223847.0,-37.60774624633325,False
2024,11,0,Distributional,Week 4,18310478.82760315,49268350.0,-62.83520997231864,False
2024,11,0,Historical,Week 1,16052533.083151624,16659399.0,-3.6427839734697294,False
2024,11,0,Historical,Week 2,18307102.33640326,17647147.0,3.73972822010979,False
2024,11,0,Historical,Week 3,21102768.210435282,31223847.0,-32.41457975874887,False
2024,11,0,Historical,Week 4,34630183.72994508,49268350.0,-29.711094993144528,False
2024,11,8,Median,Week 1,16659399.0,16659399.0,0.0,True
2024,11,8,Median,Week 2,,17647147.0,,False
2024,11,8,Median,Week 3,12455265.07993183,31223847.0,-60.10976776842447,False
2024,11,8,Median,Week 4,,49268350.0,,False
2024,11,8,GBM,Week 1,16659399.0,16659399.0,0.0,True
2024,11,8,GBM,Week 2,17851415.44290622,17647147.0,1.1575153927499982,False
2024,11,8,GBM,Week 3,21932426.3703409,31223847.0,-29.757449905705407,False
2024,11,8,GBM,Week 4,,49268350.0,,False
2024,11,8,Distributional,Week 1,16659399.0,16659399.0,0.0,True
2024,11,8,Distributional,Week 2,36459852.871560514,17647147.0,106.60480060352255,False
2024,11,8,Distributional,Week 3,22791544.242907245,31223847.0,-27.005970010975123,False
2024,11,8,Distributional,Week 4,27617989.512004443,49268350.0,-43.94374986780673,False
2024,11,8,Historical,Week 1,16659399.0,16659399.0,0.0,True
2024,11,8,Historical,Week 2,20281380.077040985,17647147.0,14.927246183425485,False
2024,11,8,Historical,Week 3,19552233.19225414,31223847.0,-37.38044773197184,False
2024,11,8,Historical,Week 4,32085716.007801667,49268350.0,-34.87560267838954,False
2024,11,15,Median,Week 1,16659399.0,16659399.0,0.0,True
2024,11,15,Median,Week 2,17647147.0,17647147.0,0.0,True
2024,11,15,Median,Week 3,,31223847.0,,False
2024,11,15,Median,Week 4,,49268350.0,,False
2024,11,15,GBM,Week 1,16659399.0,16659399.0,0.0,True
2024,11,15,GBM,Week 2,17647147.0,17647147.0,0.0,True
2024,11,15,GBM,Week 3,22586146.597938877,31223847.0,-27.663793004305724,False
2024,11,15,GBM,Week 4,,49268350.0,,False
2024,11,15,Distributional,Week 1,16659399.0,16659399.0,0.0,True
2024,11,15,Distributional,Week 2,17647147.0,17647147.0,0.0,True
2024,11,15,Distributional,Week 3,40783787.29369169,31223847.0,30.617432546641954,False
2024,11,15,Distributional,Week 4,29540989.395500556,49268350.0,-40.0406358331453,False
2024,11,15,Historical,Week 1,16659399.0,16659399.0,0.0,True
2024,11,15,Historical,Week 2,17647147.0,17647147.0,0.0,True
2024,11,15,Historical,Week 3,19772198.772888355,31223847.0,-36.675968297921926,False
2024,11,15,Historical,Week 4,25361721.063201405,49268350.0,-48.523299312436066,False
2024,12,0,Median,Week 1,,17736565.0,,False
2024,12,0,Median,Week 2,,16101961.0,,False
2024,12,0,Median,Week 3,,26524250.0,,False
2024,12,0,Median,Week 4,,33957594.0,,False
2024,12,0,GBM,Week 1,16039742.134353276,17736565.0,-9.566806569630161,False
2024,12,0,GBM,Week 2,13369485.388060192,16101961.0,-16.969831264277737,False
2024,12,0,GBM,Week 3,26195202.07662523,26524250.0,-1.2405550519798612,False
2024,12,0,GBM,Week 4,,33957594.0,,False
2024,12,0,Distributional,Week 1,28271832.53761621,17736565.0,59.398578798184474,False
2024,12,0,Distributional,Week 2,16840462.54176037,16101961.0,4.586407467763523,False
2024,12,0,Distributional,Week 3,14590665.273816071,26524250.0,-44.99122397875125,False
2024,12,0,Distributional,Week 4,13216301.993103202,33957594.0,-61.079981128512216,False
2024,12,0,Historical,Week 1,12991756.197349666,17736565.0,-26.751565495631958,False
2024,12,0,Historical,Week 2,14816441.056527993,16101961.0,-7.983623506925692,False
2024,12,0,Historical,Week 3,17079050.281909116,26524250.0,-35.60967687339278,False
2024,12,0,Historical,Week 4,28027159.43697906,33957594.0,-17.464236609404484,False
2024,12,8,Median,Week 1,17736565.0,17736565.0,0.0,True
2024,12,8,Median,Week 2,,16101961.0,,False
2024,12,8,Median,Week 3,,26524250.0,,False
2024,12,8,Median,Week 4,,33957594.0,,False
2024,12,8,GBM,Week 1,17736565.0,17736565.0,0.0,True
2024,12,8,GBM,Week 2,14457683.159943014,16101961.0,-10.211662045740798,False
2024,12,8,GBM,Week 3,22253684.605246887,26524250.0,-16.10060753745389,False
2024,12,8,GBM,Week 4,,33957594.0,,False
2024,12,8,Distributional,Week 1,17736565.0,17736565.0,0.0,True
2024,12,8,Distributional,Week 2,31074648.537246533,16101961.0,92.98673333792408,False
2024,12,8,Distributional,Week 3,17166180.219545025,26524250.0,-35.28118525671781,False
2024,12,8,Distributional,Week 4,20816018.256444115,33957594.0,-38.69996132104025,False
2024,12,8,Historical,Week 1,17736565.0,17736565.0,0.0,True
2024,12,8,Historical,Week 2,14020949.269138318,16101961.0,-12.923964546067912,False
2024,12,8,Historical,Week 3,16162079.4530954,26524250.0,-39.06678057590544,False
2024,12,8,Historical,Week 4,26522386.794823218,33957594.0,-21.8955654077753,False
2024,12,15,Median,Week 1,17736565.0,17736565.0,0.0,True
2024,12,15,Median,Week 2,16101961.0,16101961.0,0.0,True
2024,12,15,Median,Week 3,,26524250.0,,False
2024,12,15,Median,Week 4,,33957594.0,,False
2024,12,15,GBM,Week 1,17736565.0,17736565.0,0.0,True
2024,12,15,GBM,Week 2,16101961.0,16101961.0,0.0,True
2024,12,15,GBM,Week 3,25165961.2275093,26524250.0,-5.120931873627714,False
2024,12,15,GBM,Week 4,,33957594.0,,False
2024,12,15,Distributional,Week 1,17736565.0,17736565.0,0.0,True
2024,12,15,Distributional,Week 2,16101961.0,16101961.0,0.0,True
2024,12,15,Distributional,Week 3,36616546.9555563,26524250.0,38.049320736896625,False
2024,12,15,Distributional,Week 4,24178670.03264145,33957594.0,-28.797458286822526,False
2024,12,15,Historical,Week 1,17736565.0,17736565.0,0.0,True
2024,12,15,Historical,Week 2,16101961.0,16101961.0,0.0,True
2024,12,15,Historical,Week 3,14233604.627703432,26524250.0,-46.33739077371299,False
2024,12,15,Historical,Week 4,23357710.158282556,33957594.0,-31.21506147260446,False
2025,1,0,Median,Week 1,,10802130.0,,False
2025,1,0,Median,Week 2,,20708052.0,,False
2025,1,0,Median,Week 3,,12064998.0,,False
2025,1,0,Median,Week 4,,36270783.0,,False
2025,1,0,GBM,Week 1,12488258.796106637,10802130.0,15.609225181576564,False
2025,1,0,GBM,Week 2,10784598.69182881,20708052.0,-47.92074748591123,False
2025,1,0,GBM,Week 3,23699254.692198753,12064998.0,96.42982694401402,False
2025,1,0,GBM,Week 4,,36270783.0,,False
2025,1,0,Distributional,Week 1,24928055.795622353,10802130.0,130.76981850452043,False
2025,1,0,Distributional,Week 2,14685543.261456901,20708052.0,-29.08293227457174,False
2025,1,0,Distributional,Week 3,12342184.858654963,12064998.0,2.2974463705254062,False
2025,1,0,Distributional,Week 4,11192848.774403835,36270783.0,-69.1408680799534,False
2025,1,0,Historical,Week 1,11255540.62940421,10802130.0,4.197418744305146,False
2025,1,0,Historical,Week 2,12836374.9874666,20708052.0,-38.01263881572927,False
2025,1,0,Historical,Week 3,14796609.59146396,12064998.0,22.640796057023472,False
2025,1,0,Historical,Week 4,24281615.739838295,36270783.0,-33.05461384762966,False
2025,1,8,Median,Week 1,10802130.0,10802130.0,0.0,True
2025,1,8,Median,Week 2,,20708052.0,,False
2025,1,8,Median,Week 3,,12064998.0,,False
2025,1,8,Median,Week 4,,36270783.0,,False
2025,1,8,GBM,Week 1,10802130.0,10802130.0,0.0,True
2025,1,8,GBM,Week 2,18020168.424169835,20708052.0,-12.979895819414425,False
2025,1,8,GBM,Week 3,16845991.799903885,12064998.0,39.62697548647654,False
2025,1,8,GBM,Week 4,,36270783.0,,False
2025,1,8,Distributional,Week 1,10802130.0,10802130.0,0.0,True
2025,1,8,Distributional,Week 2,30857266.251484998,20708052.0,49.01095598699963,False
2025,1,8,Distributional,Week 3,13875774.273616252,12064998.0,15.00850869280088,False
2025,1,8,Distributional,Week 4,17149533.268460743,36270783.0,-52.71805059057936,False
2025,1,8,Historical,Week 1,10802130.0,10802130.0,0.0,True
2025,1,8,Historical,Week 2,15496551.179941475,20708052.0,-25.166543043539413,False
2025,1,8,Historical,Week 3,13633988.30594239,12064998.0,13.004480447840855,False
2025,1,8,Historical,Week 4,22373724.399495203,36270783.0,-38.314746611631726,False
2025,1,15,Median,Week 1,10802130.0,10802130.0,0.0,True
2025,1,15,Median,Week 2,20708052.0,20708052.0,0.0,True
2025,1,15,Median,Week 3,,12064998.0,,False
2025,1,15,Median,Week 4,,36270783.0,,False
2025,1,15,GBM,Week 1,10802130.0,10802130.0,0.0,True
2025,1,15,GBM,Week 2,20708052.0,20708052.0,0.0,True
2025,1,15,GBM,Week 3,12823353.29425038,12064998.0,6.285581599353603,False
2025,1,15,GBM,Week 4,,36270783.0,,False
2025,1,15,Distributional,Week 1,10802130.0,10802130.0,0.0,True
2025,1,15,Distributional,Week 2,20708052.0,20708052.0,0.0,True
2025,1,15,Distributional,Week 3,23224540.55504763,12064998.0,92.49518777415156,False
2025,1,15,Distributional,Week 4,19573798.270556748,36270783.0,-46.03425497994695,False
2025,1,15,Historical,Week 1,10802130.0,10802130.0,0.0,True
2025,1,15,Historical,Week 2,20708052.0,20708052.0,0.0,True
2025,1,15,Historical,Week 3,12289985.24698921,12064998.0,1.8647930732289324,False
2025,1,15,Historical,Week 4,15331162.66172588,36270783.0,-57.73137111011395,False
2025,2,0,Median,Week 1,,12837602.0,,False
2025,2,0,Median,Week 2,,22101029.0,,False
2025,2,0,Median,Week 3,,20142346.0,,False
2025,2,0,Median,Week 4,,23490993.0,,False
2025,2,0,GBM,Week 1,13849049.188456059,12837602.0,7.878785994892648,False
2025,2,0,GBM,Week 2,9632963.54307112,22101029.0,-56.41395908275981,False
2025,2,0,GBM,Week 3,27419358.15317361,20142346.0,36.12792746770218,False
2025,2,0,GBM,Week 4,,23490993.0,,False
2025,2,0,Distributional,Week 1,22148522.989732586,12837602.0,72.52850641212109,False
2025,2,0,Distributional,Week 2,12875273.2747351,22101029.0,-41.74355739393356,False
2025,2,0,Distributional,Week 3,14148526.801289875,20142346.0,-29.757304331432522,False
2025,2,0,Distributional,Week 4,12846581.34845993,23490993.0,-45.31273604117148,False
2025,2,0,Historical,Week 1,11060836.862351064,12837602.0,-13.840319536693352,False
2025,2,0,Historical,Week 2,12614325.185714979,22101029.0,-42.92426300279965,False
2025,2,0,Historical,Week 3,14540650.706686232,20142346.0,-27.810540506621063,False
2025,2,0,Historical,Week 4,23861580.64686971,23490993.0,1.577573357029699,False
2025,2,8,Median,Week 1,12837602.0,12837602.0,0.0,True
2025,2,8,Median,Week 2,,22101029.0,,False
2025,2,8,Median,Week 3,,20142346.0,,False
2025,2,8,Median,Week 4,,23490993.0,,False
2025,2,8,GBM,Week 1,12837602.0,12837602.0,0.0,True
2025,2,8,GBM,Week 2,14472836.139042847,22101029.0,-34.515102717421684,False
2025,2,8,GBM,Week 3,15969392.204729134,20142346.0,-20.71731761171646,False
2025,2,8,GBM,Week 4,,23490993.0,,False
2025,2,8,Distributional,Week 1,12837602.0,12837602.0,0.0,True
2025,2,8,Distributional,Week 2,25248881.853947237,22101029.0,14.243014901918084,False
2025,2,8,Distributional,Week 3,15629466.822043108,20142346.0,-22.404933258305128,False
2025,2,8,Distributional,Week 4,16630624.7088015,23490993.0,-29.204249863760545,False
2025,2,8,Historical,Week 1,12837602.0,12837602.0,0.0,True
2025,2,8,Historical,Week 2,11683562.83336258,22101029.0,-47.135661270058606,False
2025,2,8,Historical,Week 3,13467752.231560806,20142346.0,-33.13712200375862,False
2025,2,8,Historical,Week 4,22100926.738971576,23490993.0,-5.917443596481528,False
2025,2,15,Median,Week 1,12837602.0,12837602.0,0.0,True
2025,2,15,Median,Week 2,22101029.0,22101029.0,0.0,True
2025,2,15,Median,Week 3,,20142346.0,,False
2025,2,15,Median,Week 4,,23490993.0,,False
2025,2,15,GBM,Week 1,12837602.0,12837602.0,0.0,True
2025,2,15,GBM,Week 2,22101029.0,22101029.0,0.0,True
2025,2,15,GBM,Week 3,12819332.773838183,20142346.0,-36.35630738426307,False
2025,2,15,GBM,Week 4,,23490993.0,,False
2025,2,15,Distributional,Week 1,12837602.0,12837602.0,0.0,True
2025,2,15,Distributional,Week 2,22101029.0,22101029.0,0.0,True
2025,2,15,Distributional,Week 3,23559407.20345167,20142346.0,16.96456412501141,False
2025,2,15,Distributional,Week 4,12977035.820692748,23490993.0,-44.757397779256294,False
2025,2,15,Historical,Week 1,12837602.0,12837602.0,0.0,True
2025,2,15,Historical,Week 2,22101029.0,22101029.0,0.0,True
2025,2,15,Historical,Week 3,8563252.40680196,20142346.0,-57.48632057655072,False
2025,2,15,Historical,Week 4,14052516.77013655,23490993.0,-40.17912835725356,False
2025,3,0,Median,Week 1,,14467470.0,,False
2025,3,0,Median,Week 2,,17423265.0,,False
2025,3,0,Median,Week 3,,23487583.0,,False
2025,3,0,Median,Week 4,,46691174.0,,False
2025,3,0,GBM,Week 1,14193860.632501703,14467470.0,-1.89120397345422,False
2025,3,0,GBM,Week 2,13308713.653806532,17423265.0,-23.615271570474697,False
2025,3,0,GBM,Week 3,26060880.14197855,23487583.0,10.955989562563975,False
2025,3,0,GBM,Week 4,,46691174.0,,False
2025,3,0,Distributional,Week 1,26257290.64741468,14467470.0,81.49193084495549,False
2025,3,0,Distributional,Week 2,16688773.589723263,17423265.0,-4.215578482429884,False
2025,3,0,Distributional,Week 3,16362724.500447657,23487583.0,-30.334575079744656,False
2025,3,0,Distributional,Week 4,17495941.38164645,46691174.0,-62.52837553057361,False
2025,3,0,Historical,Week 1,13695404.359121341,14467470.0,-5.3365629296529296,False
2025,3,0,Historical,Week 2,15618916.207312543,17423265.0,-10.355973996191054,False
2025,3,0,Historical,Week 3,18004070.89906963,23487583.0,-23.34642990268675,False
2025,3,0,Historical,Week 4,29545141.98821683,46691174.0,-36.722212236049515,False
2025,3,8,Median,Week 1,14467470.0,14467470.0,0.0,True
2025,3,8,Median,Week 2,,17423265.0,,False
2025,3,8,Median,Week 3,,23487583.0,,False
2025,3,8,Median,Week 4,,46691174.0,,False
2025,3,8,GBM,Week 1,14467470.0,14467470.0,0.0,True
2025,3,8,GBM,Week 2,12263797.958986146,17423265.0,-29.612515455707378,False
2025,3,8,GBM,Week 3,19778109.97172294,23487583.0,-15.79333653989454,False
2025,3,8,GBM,Week 4,,46691174.0,,False
2025,3,8,Distributional,Week 1,14467470.0,14467470.0,0.0,True
2025,3,8,Distributional,Week 2,28567744.817108773,17423265.0,63.963211356245644,False
2025,3,8,Distributional,Week 3,21454718.17019458,23487583.0,-8.6550618248179,False
2025,3,8,Distributional,Week 4,32952883.313460056,46691174.0,-29.423742239893013,False
2025,3,8,Historical,Week 1,14467470.0,14467470.0,0.0,True
2025,3,8,Historical,Week 2,16844798.446110673,17423265.0,-3.320081247052873,False
2025,3,8,Historical,Week 3,19417156.829506885,23487583.0,-17.330119367723427,False
2025,3,8,Historical,Week 4,31864052.23303694,46691174.0,-31.755727039468017,False
2025,3,15,Median,Week 1,14467470.0,14467470.0,0.0,True
2025,3,15,Median,Week 2,17423265.0,17423265.0,0.0,True
2025,3,15,Median,Week 3,,23487583.0,,False
2025,3,15,Median,Week 4,,46691174.0,,False
2025,3,15,GBM,Week 1,14467470.0,14467470.0,0.0,True
2025,3,15,GBM,Week 2,17423265.0,17423265.0,0.0,True
2025,3,15,GBM,Week 3,19811862.957456507,23487583.0,-15.649630881745018,False
2025,3,15,GBM,Week 4,,46691174.0,,False
2025,3,15,Distributional,Week 1,14467470.0,14467470.0,0.0,True
2025,3,15,Distributional,Week 2,17423265.0,17423265.0,0.0,True
2025,3,15,Distributional,Week 3,36988748.1199004,23487583.0,57.482139051516704,False
2025,3,15,Distributional,Week 4,35750704.063738786,46691174.0,-23.431558898607292,False
2025,3,15,Historical,Week 1,14467470.0,14467470.0,0.0,True
2025,3,15,Historical,Week 2,17423265.0,17423265.0,0.0,True
2025,3,15,Historical,Week 3,17022662.870414924,23487583.0,-27.52484208181436,False
2025,3,15,Historical,Week 4,27934626.24888603,46691174.0,-40.1715059705159,False
2025,4,0,Median,Week 1,,16129632.0,,False
2025,4,0,Median,Week 2,,23303002.0,,False
2025,4,0,Median,Week 3,20730846.98707209,23977276.0,-13.539607305383267,False
2025,4,0,Median,Week 4,,45789618.0,,False
2025,4,0,GBM,Week 1,18175251.619137034,16129632.0,12.682370057401396,False
2025,4,0,GBM,Week 2,18911419.108565357,23303002.0,-18.84556715668927,False
2025,4,0,GBM,Week 3,34921751.947910696,23977276.0,45.6452015145953,False
2025,4,0,GBM,Week 4,,45789618.0,,False
2025,4,0,Distributional,Week 1,33529332.917418502,16129632.0,107.8741344961776,False
2025,4,0,Distributional,Week 2,22007156.333527744,23303002.0,-5.5608529170287,False
2025,4,0,Distributional,Week 3,20615396.769651096,23977276.0,-14.021105776773407,False
2025,4,0,Distributional,Week 4,18480791.7367497,45789618.0,-59.63977743437453,False
2025,4,0,Historical,Week 1,16878961.32913761,16129632.0,4.645669096093503,False
2025,4,0,Historical,Week 2,19249601.965252444,23303002.0,-17.394325566927197,False
2025,4,0,Historical,Week 3,22189196.354034837,23977276.0,-7.457392766239011,False
2025,4,0,Historical,Week 4,36413040.17072383,45789618.0,-20.477519225594254,False
2025,4,8,Median,Week 1,16129632.0,16129632.0,0.0,True
2025,4,8,Median,Week 2,,23303002.0,,False
2025,4,8,Median,Week 3,14252060.719101883,23977276.0,-40.56013402397385,False
2025,4,8,Median,Week 4,,45789618.0,,False
2025,4,8,GBM,Week 1,16129632.0,16129632.0,0.0,True
2025,4,8,GBM,Week 2,23258484.037392464,23303002.0,-0.1910396034276462,False
2025,4,8,GBM,Week 3,22911365.401686292,23977276.0,-4.44550331035814,False
2025,4,8,GBM,Week 4,,45789618.0,,False
2025,4,8,Distributional,Week 1,16129632.0,16129632.0,0.0,True
2025,4,8,Distributional,Week 2,40160780.826784134,23303002.0,72.3416615026001,False
2025,4,8,Distributional,Week 3,23967005.456751883,23977276.0,-0.04283448732089905,False
2025,4,8,Distributional,Week 4,27370159.323829576,45789618.0,-40.226277223300755,False
2025,4,8,Historical,Week 1,16129632.0,16129632.0,0.0,True
2025,4,8,Historical,Week 2,21988159.498758662,23303002.0,-5.642373893463758,False
2025,4,8,Historical,Week 3,20409784.890194714,23977276.0,-14.87863387736491,False
2025,4,8,Historical,Week 4,33492980.33262722,45789618.0,-26.854641301818198,False
2025,4,15,Median,Week 1,16129632.0,16129632.0,0.0,True
2025,4,15,Median,Week 2,23303002.0,23303002.0,0.0,True
2025,4,15,Median,Week 3,,23977276.0,,False
2025,4,15,Median,Week 4,,45789618.0,,False
2025,4,15,GBM,Week 1,16129632.0,16129632.0,0.0,True
2025,4,15,GBM,Week 2,23303002.0,23303002.0,0.0,True
2025,4,15,GBM,Week 3,24561554.21319107,23977276.0,2.4367997982384226,False
2025,4,15,GBM,Week 4,,45789618.0,,False
2025,4,15,Distributional,Week 1,16129632.0,16129632.0,0.0,True
2025,4,15,Distributional,Week 2,23303002.0,23303002.0,0.0,True
2025,4,15,Distributional,Week 3,41078741.06109999,23977276.0,71.32363601728566,False
2025,4,15,Distributional,Week 4,30164611.72515335,45789618.0,-34.1234693743168,False
2025,4,15,Historical,Week 1,16129632.0,16129632.0,0.0,True
2025,4,15,Historical,Week 2,23303002.0,23303002.0,0.0,True
2025,4,15,Historical,Week 3,21806629.38805137,23977276.0,-9.052932501376018,False
2025,4,15,Historical,Week 4,24794673.867571473,45789618.0,-45.850882906314105,False
2025,5,0,Median,Week 1,,25503160.0,,False
2025,5,0,Median,Week 2,,22541851.0,,False
2025,5,0,Median,Week 3,,27285892.0,,False
2025,5,0,Median,Week 4,,42927833.0,,False
2025,5,0,GBM,Week 1,17129301.641376592,25503160.0,-32.834591315834615,False
2025,5,0,GBM,Week 2,25085939.163826797,22541851.0,11.286065921679622,False
2025,5,0,GBM,Week 3,28737219.312191315,27285892.0,5.318965977697614,False
2025,5,0,GBM,Week 4,,42927833.0,,False
2025,5,0,Distributional,Week 1,37989313.143253975,25503160.0,48.95923933839561,False
2025,5,0,Distributional,Week 2,21722541.436397463,22541851.0,-3.634615292251452,False
2025,5,0,Distributional,Week 3,17506129.472005755,27285892.0,-35.841828179904276,False
2025,5,0,Distributional,Week 4,16502099.83526167,42927833.0,-61.558507192148106,False
2025,5,0,Historical,Week 1,16719008.151461711,25503160.0,-34.44338602956766,False
2025,5,0,Historical,Week 2,19067183.4536333,22541851.0,-15.414295597849081,False
2025,5,0,Historical,Week 3,21978920.828326073,27285892.0,-19.449505889981268,False
2025,5,0,Historical,Week 4,36067972.641355604,42927833.0,-15.97998286716312,False
2025,5,8,Median,Week 1,25503160.0,25503160.0,0.0,True
2025,5,8,Median,Week 2,,22541851.0,,False
2025,5,8,Median,Week 3,,27285892.0,,False
2025,5,8,Median,Week 4,,42927833.0,,False
2025,5,8,GBM,Week 1,25503160.0,25503160.0,0.0,True
2025,5,8,GBM,Week 2,22314121.900173135,22541851.0,-1.0102502222504484,False
2025,5,8,GBM,Week 3,22442083.42849024,27285892.0,-17.752062390006383,False
2025,5,8,GBM,Week 4,,42927833.0,,False
2025,5,8,Distributional,Week 1,25503160.0,25503160.0,0.0,True
2025,5,8,Distributional,Week 2,39640592.3222619,22541851.0,75.85331533893068,False
2025,5,8,Distributional,Week 3,21136683.81703515,27285892.0,-22.536218288062017,False
2025,5,8,Distributional,Week 4,27302431.812884696,42927833.0,-36.399231210006114,False
2025,5,8,Historical,Week 1,25503160.0,25503160.0,0.0,True
2025,5,8,Historical,Week 2,21365704.99870899,22541851.0,-5.2176105737324345,False
2025,5,8,Historical,Week 3,19590009.69309312,27285892.0,-28.204620566946755,False
2025,5,8,Historical,Week 4,32147708.214306656,42927833.0,-25.112203510699793,False
2025,5,15,Median,Week 1,25503160.0,25503160.0,0.0,True
2025,5,15,Median,Week 2,22541851.0,22541851.0,0.0,True
2025,5,15,Median,Week 3,,27285892.0,,False
2025,5,15,Median,Week 4,,42927833.0,,False
2025,5,15,GBM,Week 1,25503160.0,25503160.0,0.0,True
2025,5,15,GBM,Week 2,22541851.0,22541851.0,0.0,True
2025,5,15,GBM,Week 3,27987181.969068266,27285892.0,2.5701559218524594,False
2025,5,15,GBM,Week 4,,42927833.0,,False
2025,5,15,Distributional,Week 1,25503160.0,25503160.0,0.0,True
2025,5,15,Distributional,Week 2,22541851.0,22541851.0,0.0,True
2025,5,15,Distributional,Week 3,39174628.976219766,27285892.0,43.57100356557802,False
2025,5,15,Distributional,Week 4,30771097.44320106,42927833.0,-28.31900589251486,False
2025,5,15,Historical,Week 1,25503160.0,25503160.0,0.0,True
2025,5,15,Historical,Week 2,22541851.0,22541851.0,0.0,True
2025,5,15,Historical,Week 3,20592884.919753723,27285892.0,-24.52918555950554,False
2025,5,15,Historical,Week 4,24749640.07344201,42927833.0,-42.34593655486405,False
2025,6,0,Median,Week 1,,27248921.0,,False
2025,6,0,Median,Week 2,,24140311.0,,False
2025,6,0,Median,Week 3,,20326148.0,,False
2025,6,0,Median,Week 4,,49148618.0,,False
2025,6,0,GBM,Week 1,21110632.864049807,27248921.0,-22.5267199972806,False
2025,6,0,GBM,Week 2,22314393.396366462,24140311.0,-7.563770009564243,False
2025,6,0,GBM,Week 3,54021027.192727536,20326148.0,165.77110032224275,False
2025,6,0,GBM,Week 4,,49148618.0,,False
2025,6,0,Distributional,Week 1,40273177.478859715,27248921.0,47.79732921850269,False
2025,6,0,Distributional,Week 2,28819830.265973695,24140311.0,19.384668515553486,False
2025,6,0,Distributional,Week 3,29305512.152131338,20326148.0,44.176418237884214,False
2025,6,0,Distributional,Week 4,27404661.32599086,49148618.0,-44.241237208356786,False
2025,6,0,Historical,Week 1,22428840.779694468,27248921.0,-17.689068203124563,False
2025,6,0,Historical,Week 2,25578958.86673021,24140311.0,5.959524990089023,False
2025,6,0,Historical,Week 3,29485105.294654526,20326148.0,45.05997542994633,False
2025,6,0,Historical,Week 4,48385813.81686896,49148618.0,-1.55203587439842,False
2025,6,8,Median,Week 1,27248921.0,27248921.0,0.0,True
2025,6,8,Median,Week 2,,24140311.0,,False
2025,6,8,Median,Week 3,,20326148.0,,False
2025,6,8,Median,Week 4,,49148618.0,,False
2025,6,8,GBM,Week 1,27248921.0,27248921.0,0.0,True
2025,6,8,GBM,Week 2,19440169.374928363,24140311.0,-19.47009558025842,False
2025,6,8,GBM,Week 3,41330855.95370682,20326148.0,103.33835979993269,False
2025,6,8,GBM,Week 4,,49148618.0,,False
2025,6,8,Distributional,Week 1,27248921.0,27248921.0,0.0,True
2025,6,8,Distributional,Week 2,43561055.44324486,24140311.0,80.44943763667692,False
2025,6,8,Distributional,Week 3,32612023.039273966,20326148.0,60.4436956735431,False
2025,6,8,Distributional,Week 4,38585627.3166035,49148618.0,-21.491938356021535,False
2025,6,8,Historical,Week 1,27248921.0,27248921.0,0.0,True
2025,6,8,Historical,Week 2,23297396.123880927,24140311.0,-3.4917316355993657,False
2025,6,8,Historical,Week 3,26855126.566444024,20326148.0,32.121081507642394,False
2025,6,8,Historical,Week 4,44069951.288523525,49148618.0,-10.333284877870778,False
2025,6,15,Median,Week 1,27248921.0,27248921.0,0.0,True
2025,6,15,Median,Week 2,24140311.0,24140311.0,0.0,True
2025,6,15,Median,Week 3,,20326148.0,,False
2025,6,15,Median,Week 4,,49148618.0,,False
2025,6,15,GBM,Week 1,27248921.0,27248921.0,0.0,True
2025,6,15,GBM,Week 2,24140311.0,24140311.0,0.0,True
2025,6,15,GBM,Week 3,24407521.744327635,20326148.0,20.07942549826772,False
2025,6,15,GBM,Week 4,,49148618.0,,False
2025,6,15,Distributional,Week 1,27248921.0,27248921.0,0.0,True
2025,6,15,Distributional,Week 2,24140311.0,24140311.0,0.0,True
2025,6,15,Distributional,Week 3,45451032.557557225,20326148.0,123.60868649365942,False
2025,6,15,Distributional,Week 4,35882623.667568,49148618.0,-26.99159177259471,False
2025,6,15,Historical,Week 1,27248921.0,27248921.0,0.0,True
2025,6,15,Historical,Week 2,24140311.0,24140311.0,0.0,True
2025,6,15,Historical,Week 3,19036769.461732954,20326148.0,-6.343447554682009,False
2025,6,15,Historical,Week 4,31239826.808997665,49148618.0,-36.43803614376774,False
2025,7,0,Median,Week 1,,22605465.0,,False
2025,7,0,Median,Week 2,,28282420.0,,False
2025,7,0,Median,Week 3,,33799532.0,,False
2025,7,0,Median,Week 4,,56273801.0,,False
2025,7,0,GBM,Week 1,30233505.660659708,22605465.0,33.744232470598185,False
2025,7,0,GBM,Week 2,25856922.34912456,28282420.0,-8.57599049471524,False
2025,7,0,GBM,Week 3,40314794.94468789,33799532.0,19.27619277298836,False
2025,7,0,GBM,Week 4,,56273801.0,,False
2025,7,0,Distributional,Week 1,52647617.70356724,22605465.0,132.8977426634101,False
2025,7,0,Distributional,Week 2,27374415.704824276,28282420.0,-3.2104901036605913,False
2025,7,0,Distributional,Week 3,20705523.602224953,33799532.0,-38.74020621875784,False
2025,7,0,Distributional,Week 4,19855032.53543245,56273801.0,-64.71709359843588,False
2025,7,0,Historical,Week 1,21553585.710882634,22605465.0,-4.653207926124794,False
2025,7,0,Historical,Week 2,24580774.715220086,28282420.0,-13.08814905082349,False
2025,7,0,Historical,Week 3,28334489.080598522,33799532.0,-16.168989912054045,False
2025,7,0,Historical,Week 4,46497623.10662321,56273801.0,-17.372520994941837,False
2025,7,8,Median,Week 1,22605465.0,22605465.0,0.0,True
2025,7,8,Median,Week 2,,28282420.0,,False
2025,7,8,Median,Week 3,,33799532.0,,False
2025,7,8,Median,Week 4,,56273801.0,,False
2025,7,8,GBM,Week 1,22605465.0,22605465.0,0.0,True
2025,7,8,GBM,Week 2,25703888.060408495,28282420.0,-9.117083826601489,False
2025,7,8,GBM,Week 3,34989898.38188488,33799532.0,3.5218427932223446,False
2025,7,8,GBM,Week 4,,56273801.0,,False
2025,7,8,Distributional,Week 1,22605465.0,22605465.0,0.0,True
2025,7,8,Distributional,Week 2,52173958.73680725,28282420.0,84.47487427457499,False
2025,7,8,Distributional,Week 3,28700731.659485504,33799532.0,-15.085416983035433,False
2025,7,8,Distributional,Week 4,33993148.085473284,56273801.0,-39.593296558245136,False
2025,7,8,Historical,Week 1,22605465.0,22605465.0,0.0,True
2025,7,8,Historical,Week 2,25559173.724199127,28282420.0,-9.628759758892176,False
2025,7,8,Historical,Week 3,26221652.371736925,33799532.0,-22.42007264557117,False
2025,7,8,Historical,Week 4,43030403.892081104,56273801.0,-23.533859225039542,False
2025,7,15,Median,Week 1,22605465.0,22605465.0,0.0,True
2025,7,15,Median,Week 2,28282420.0,28282420.0,0.0,True
2025,7,15,Median,Week 3,,33799532.0,,False
2025,7,15,Median,Week 4,,56273801.0,,False
2025,7,15,GBM,Week 1,22605465.0,22605465.0,0.0,True
2025,7,15,GBM,Week 2,28282420.0,28282420.0,0.0,True
2025,7,15,GBM,Week 3,31972169.09463725,33799532.0,-5.406473987162755,False
2025,7,15,GBM,Week 4,,56273801.0,,False
2025,7,15,Distributional,Week 1,22605465.0,22605465.0,0.0,True
2025,7,15,Distributional,Week 2,28282420.0,28282420.0,0.0,True
2025,7,15,Distributional,Week 3,51303338.986464396,33799532.0,51.78712825510245,False
2025,7,15,Distributional,Week 4,40943494.25804379,56273801.0,-27.242351626392203,False
2025,7,15,Historical,Week 1,22605465.0,22605465.0,0.0,True
2025,7,15,Historical,Week 2,28282420.0,28282420.0,0.0,True
2025,7,15,Historical,Week 3,28474290.513104446,33799532.0,-15.755370479376914,False
2025,7,15,Historical,Week 4,31975869.559966266,56273801.0,-43.17805267860569,False
2025,8,0,Median,Week 1,,21062386.0,,False
2025,8,0,Median,Week 2,,28460670.0,,False
2025,8,0,Median,Week 3,,28391365.0,,False
2025,8,0,Median,Week 4,,52741681.0,,False
2025,8,0,GBM,Week 1,16908692.50558095,21062386.0,-19.720906712178998,False
2025,8,0,GBM,Week 2,22439912.725116175,28460670.0,-21.154657549818136,False
2025,8,0,GBM,Week 3,46176158.84188979,28391365.0,62.64155964987873,False
2025,8,0,GBM,Week 4,,52741681.0,,False
2025,8,0,Distributional,Week 1,36753284.05542194,21062386.0,74.49724858058313,False
2025,8,0,Distributional,Week 2,24649386.94882961,28460670.0,-13.391403122872337,False
2025,8,0,Distributional,Week 3,24471446.39969883,28391365.0,-13.806728208739413,False
2025,8,0,Distributional,Week 4,24648096.706457596,52741681.0,-53.266380139727445,False
2025,8,0,Historical,Week 1,19713143.68534268,21062386.0,-6.405932901701257,False
2025,8,0,Historical,Week 2,22481843.641149238,28460670.0,-21.007328214166293,False
2025,8,0,Historical,Week 3,25915031.586349368,28391365.0,-8.72213581013323,False
2025,8,0,Historical,Week 4,42527231.3211887,52741681.0,-19.366939932785414,False
2025,8,8,Median,Week 1,21062386.0,21062386.0,0.0,True
2025,8,8,Median,Week 2,,28460670.0,,False
2025,8,8,Median,Week 3,,28391365.0,,False
2025,8,8,Median,Week 4,,52741681.0,,False
2025,8,8,GBM,Week 1,21062386.0,21062386.0,0.0,True
2025,8,8,GBM,Week 2,25679530.509932913,28460670.0,-9.77186935538442,False
2025,8,8,GBM,Week 3,33198411.294768278,28391365.0,16.93136731808519,False
2025,8,8,GBM,Week 4,,52741681.0,,False
2025,8,8,Distributional,Week 1,21062386.0,21062386.0,0.0,True
2025,8,8,Distributional,Week 2,47888829.75129014,28460670.0,68.26318477846847,False
2025,8,8,Distributional,Week 3,28128289.446008712,28391365.0,-0.9266041065348141,False
2025,8,8,Distributional,Week 4,35383501.08628111,52741681.0,-32.91169258279592,False
2025,8,8,Historical,Week 1,21062386.0,21062386.0,0.0,True
2025,8,8,Historical,Week 2,28562969.51780751,28460670.0,0.35944170607195736,False
2025,8,8,Historical,Week 3,24321469.54269437,28391365.0,-14.3349763468774,False
2025,8,8,Historical,Week 4,39912155.14698563,52741681.0,-24.325212260516256,False
2025,8,15,Median,Week 1,21062386.0,21062386.0,0.0,True
2025,8,15,Median,Week 2,28460670.0,28460670.0,0.0,True
2025,8,15,Median,Week 3,,28391365.0,,False
2025,8,15,Median,Week 4,,52741681.0,,False
2025,8,15,GBM,Week 1,21062386.0,21062386.0,0.0,True
2025,8,15,GBM,Week 2,28460670.0,28460670.0,0.0,True
2025,8,15,GBM,Week 3,30154917.32001799,28391365.0,6.211579894161446,False
2025,8,15,GBM,Week 4,,52741681.0,,False
2025,8,15,Distributional,Week 1,21062386.0,21062386.0,0.0,True
2025,8,15,Distributional,Week 2,28460670.0,28460670.0,0.0,True
2025,8,15,Distributional,Week 3,49113113.211165294,28391365.0,72.98609352232728,False
2025,8,15,Distributional,Week 4,40424112.88008131,52741681.0,-23.35452318995803,False
2025,8,15,Historical,Week 1,21062386.0,21062386.0,0.0,True
2025,8,15,Historical,Week 2,28460670.0,28460670.0,0.0,True
2025,8,15,Historical,Week 3,24168844.482990216,28391365.0,-14.872551978426483,False
2025,8,15,Historical,Week 4,32773956.07465061,52741681.0,-37.859477640368326,False
2025,9,0,Median,Week 1,,20438678.0,,False
2025,9,0,Median,Week 2,,38208857.0,,False
2025,9,0,Median,Week 3,26007900.49087405,35073931.0,-25.84834448447182,False
2025,9,0,Median,Week 4,,46112819.0,,False
2025,9,0,GBM,Week 1,20838180.99031981,20438678.0,1.9546420288034814,False
2025,9,0,GBM,Week 2,28639988.473042764,38208857.0,-25.043587477524483,False
2025,9,0,GBM,Week 3,46711465.77552323,35073931.0,33.18001274371906,False
2025,9,0,GBM,Week 4,,46112819.0,,False
2025,9,0,Distributional,Week 1,46901984.17074059,20438678.0,129.47660396988783,False
2025,9,0,Distributional,Week 2,27305750.38598717,38208857.0,-28.535547697783343,False
2025,9,0,Distributional,Week 3,23231834.28909129,35073931.0,-33.7632434496969,False
2025,9,0,Distributional,Week 4,18838977.70228401,46112819.0,-59.14589888272932,False
2025,9,0,Historical,Week 1,20736606.280752257,20438678.0,1.457669036873405,False
2025,9,0,Historical,Week 2,23649050.983105104,38208857.0,-38.10584026864477,False
2025,9,0,Historical,Week 3,27260482.414022632,35073931.0,-22.2770826172218,False
2025,9,0,Historical,Week 4,44735150.628139704,46112819.0,-2.987603884855306,False
2025,9,8,Median,Week 1,20438678.0,20438678.0,0.0,True
2025,9,8,Median,Week 2,,38208857.0,,False
2025,9,8,Median,Week 3,16076040.372250225,35073931.0,-54.16527342700701,False
2025,9,8,Median,Week 4,,46112819.0,,False
2025,9,8,GBM,Week 1,20438678.0,20438678.0,0.0,True
2025,9,8,GBM,Week 2,35590804.13326995,38208857.0,-6.851952851481659,False
2025,9,8,GBM,Week 3,28720029.158113535,35073931.0,-18.115739127976457,False
2025,9,8,GBM,Week 4,,46112819.0,,False
2025,9,8,Distributional,Week 1,20438678.0,20438678.0,0.0,True
2025,9,8,Distributional,Week 2,56022229.95690828,38208857.0,46.62105688455501,False
2025,9,8,Distributional,Week 3,28074286.627696007,35073931.0,-19.956828826241328,False
2025,9,8,Distributional,Week 4,34032289.92316244,46112819.0,-26.19776742956782,False
2025,9,8,Historical,Week 1,20438678.0,20438678.0,0.0,True
2025,9,8,Historical,Week 2,32454505.058524553,38208857.0,-15.060256687279203,False
2025,9,8,Historical,Week 3,25156710.688151456,35073931.0,-28.275189090862224,False
2025,9,8,Historical,Week 4,41282807.283120334,46112819.0,-10.474336251010085,False
2025,9,15,Median,Week 1,20438678.0,20438678.0,0.0,True
2025,9,15,Median,Week 2,38208857.0,38208857.0,0.0,True
2025,9,15,Median,Week 3,,35073931.0,,False
2025,9,15,Median,Week 4,,46112819.0,,False
2025,9,15,GBM,Week 1,20438678.0,20438678.0,0.0,True
2025,9,15,GBM,Week 2,38208857.0,38208857.0,0.0,True
2025,9,15,GBM,Week 3,33532095.48036446,35073931.0,-4.395958695463988,False
2025,9,15,GBM,Week 4,,46112819.0,,False
2025,9,15,Distributional,Week 1,20438678.0,20438678.0,0.0,True
2025,9,15,Distributional,Week 2,38208857.0,38208857.0,0.0,True
2025,9,15,Distributional,Week 3,52141800.42425214,35073931.0,48.66255061131339,False
2025,9,15,Distributional,Week 4,37798480.77192467,46112819.0,-18.030427131499664,False
2025,9,15,Historical,Week 1,20438678.0,20438678.0,0.0,True
2025,9,15,Historical,Week 2,38208857.0,38208857.0,0.0,True
2025,9,15,Historical,Week 3,27259752.723583292,35073931.0,-22.279163052515294,False
2025,9,15,Historical,Week 4,31427874.007931557,46112819.0,-31.845689139214073,False
2025,10,0,Median,Week 1,,35748549.0,,False
2025,10,0,Median,Week 2,,32278427.0,,False
2025,10,0,Median,Week 3,,34688854.0,,False
2025,10,0,Median,Week 4,,73276338.0,,False
2025,10,0,GBM,Week 1,33082369.649766315,35748549.0,-7.4581470432091805,False
2025,10,0,GBM,Week 2,32364275.03246159,32278427.0,0.26596101619695117,False
2025,10,0,GBM,Week 3,50360658.031535454,34688854.0,45.17821208949553,False
2025,10,0,GBM,Week 4,,73276338.0,,False
2025,10,0,Distributional,Week 1,60371012.53501406,35748549.0,68.87681940605216,False
2025,10,0,Distributional,Week 2,37698685.48846373,32278427.0,16.79220145536748,False
2025,10,0,Distributional,Week 3,29715082.288232643,34688854.0,-14.338241648938176,False
2025,10,0,Distributional,Week 4,27088264.009227306,73276338.0,-63.032726868491565,False
2025,10,0,Historical,Week 1,27605825.616195686,35748549.0,-22.777773116901372,False
2025,10,0,Historical,Week 2,31483048.315099575,32278427.0,-2.4641184804340845,False
2025,10,0,Historical,Week 3,36290804.4617404,34688854.0,4.6180553031253115,False
2025,10,0,Historical,Week 4,59554140.65516373,73276338.0,-18.726641804665885,False
2025,10,8,Median,Week 1,35748549.0,35748549.0,0.0,True
2025,10,8,Median,Week 2,,32278427.0,,False
2025,10,8,Median,Week 3,,34688854.0,,False
2025,10,8,Median,Week 4,,73276338.0,,False
2025,10,8,GBM,Week 1,35748549.0,35748549.0,0.0,True
2025,10,8,GBM,Week 2,32073417.62103955,32278427.0,-0.6351281583840788,False
2025,10,8,GBM,Week 3,31521371.417929243,34688854.0,-9.131124891213634,False
2025,10,8,GBM,Week 4,,73276338.0,,False
2025,10,8,Distributional,Week 1,35748549.0,35748549.0,0.0,True
2025,10,8,Distributional,Week 2,62362180.710622884,32278427.0,93.20080470657038,False
2025,10,8,Distributional,Week 3,33312509.57193263,34688854.0,-3.9676849170842345,False
2025,10,8,Distributional,Week 4,37913717.08274418,73276338.0,-48.25926333444204,False
2025,10,8,Historical,Week 1,35748549.0,35748549.0,0.0,True
2025,10,8,Historical,Week 2,32495371.825334165,32278427.0,0.672104701180653,False
2025,10,8,Historical,Week 3,29682782.22230638,34688854.0,-14.43135532149209,False
2025,10,8,Historical,Week 4,48710206.72378482,73276338.0,-33.52532611034026,False
2025,10,15,Median,Week 1,35748549.0,35748549.0,0.0,True
2025,10,15,Median,Week 2,32278427.0,32278427.0,0.0,True
2025,10,15,Median,Week 3,,34688854.0,,False
2025,10,15,Median,Week 4,,73276338.0,,False
2025,10,15,GBM,Week 1,35748549.0,35748549.0,0.0,True
2025,10,15,GBM,Week 2,32278427.0,32278427.0,0.0,True
2025,10,15,GBM,Week 3,33703135.650281146,34688854.0,-2.841599638082174,False
2025,10,15,GBM,Week 4,,73276338.0,,False
2025,10,15,Distributional,Week 1,35748549.0,35748549.0,0.0,True
2025,10,15,Distributional,Week 2,32278427.0,32278427.0,0.0,True
2025,10,15,Distributional,Week 3,60834011.5255647,34688854.0,75.37048507155843,False
2025,10,15,Distributional,Week 4,44924312.78407771,73276338.0,-38.69192428246385,False
2025,10,15,Historical,Week 1,35748549.0,35748549.0,0.0,True
2025,10,15,Historical,Week 2,32278427.0,32278427.0,0.0,True
2025,10,15,Historical,Week 3,29563456.45084322,34688854.0,-14.775344118190764,False
2025,10,15,Historical,Week 4,38199969.5603581,73276338.0,-47.86861543168533,False
2025,11,0,Median,Week 1,,28598212.0,,False
2025,11,0,Median,Week 2,,33731489.0,,False
2025,11,0,Median,Week 3,,36815691.0,,False
2025,11,0,Median,Week 4,,24118977.0,,False
2025,11,0,GBM,Week 1,24958607.985035036,28598212.0,-12.726683804445413,False
2025,11,0,GBM,Week 2,24598818.474798318,33731489.0,-27.074614243093986,False
2025,11,0,GBM,Week 3,46896738.863684975,36815691.0,27.38247630252268,False
2025,11,0,GBM,Week 4,,24118977.0,,False
2025,11,0,Distributional,Week 1,47968316.45661858,28598212.0,67.7318723863526,False
2025,11,0,Distributional,Week 2,28224512.77854068,33731489.0,-16.325920926465244,False
2025,11,0,Distributional,Week 3,26127637.75772077,36815691.0,-29.031244428575935,False
2025,11,0,Distributional,Week 4,23876555.6085299,24118977.0,-1.005106441579594,False
2025,11,0,Historical,Week 1,22489502.080246937,28598212.0,-21.360460995789047,False
2025,11,0,Historical,Week 2,25648140.012865894,33731489.0,-23.963807192543758,False
2025,11,0,Historical,Week 3,29564851.049313392,36815691.0,-19.69497177354788,False
2025,11,0,Historical,Week 4,48516678.64502711,24118977.0,101.15562382694385,False
2025,11,8,Median,Week 1,28598212.0,28598212.0,0.0,True
2025,11,8,Median,Week 2,,33731489.0,,False
2025,11,8,Median,Week 3,,36815691.0,,False
2025,11,8,Median,Week 4,,24118977.0,,False
2025,11,8,GBM,Week 1,28598212.0,28598212.0,0.0,True
2025,11,8,GBM,Week 2,29902621.510614645,33731489.0,-11.3510183003939,False
2025,11,8,GBM,Week 3,28210977.332409903,36815691.0,-23.3724084320191,False
2025,11,8,GBM,Week 4,,24118977.0,,False
2025,11,8,Distributional,Week 1,28598212.0,28598212.0,0.0,True
2025,11,8,Distributional,Week 2,52307169.77703577,33731489.0,55.069258214589254,False
2025,11,8,Distributional,Week 3,29417837.4523428,36815691.0,-20.094294977804978,False
2025,11,8,Distributional,Week 4,33169351.074701145,24118977.0,37.523872072605506,False
2025,11,8,Historical,Week 1,28598212.0,28598212.0,0.0,True
2025,11,8,Historical,Week 2,23324827.218238395,33731489.0,-30.851474661440548,False
2025,11,8,Historical,Week 3,26886746.64565411,36815691.0,-26.969327709605917,False
2025,11,8,Historical,Week 4,44121840.64927854,24118977.0,82.93412962448008,False
2025,11,15,Median,Week 1,28598212.0,28598212.0,0.0,True
2025,11,15,Median,Week 2,33731489.0,33731489.0,0.0,True
2025,11,15,Median,Week 3,,36815691.0,,False
2025,11,15,Median,Week 4,,24118977.0,,False
2025,11,15,GBM,Week 1,28598212.0,28598212.0,0.0,True
2025,11,15,GBM,Week 2,33731489.0,33731489.0,0.0,True
2025,11,15,GBM,Week 3,29073056.10157737,36815691.0,-21.030801509124544,False
2025,11,15,GBM,Week 4,,24118977.0,,False
2025,11,15,Distributional,Week 1,28598212.0,28598212.0,0.0,True
2025,11,15,Distributional,Week 2,33731489.0,33731489.0,0.0,True
2025,11,15,Distributional,Week 3,47729744.539510824,36815691.0,29.645113925773725,False
2025,11,15,Distributional,Week 4,33850909.59587755,24118977.0,40.3496906020415,False
2025,11,15,Historical,Week 1,28598212.0,28598212.0,0.0,True
2025,11,15,Historical,Week 2,33731489.0,33731489.0,0.0,True
2025,11,15,Historical,Week 3,19094158.056843907,36815691.0,-48.13581508807235,False
2025,11,15,Historical,Week 4,31334002.96507718,24118977.0,29.914311726725312,False
2025,12,0,Median,Week 1,,32007396.0,,False
2025,12,0,Median,Week 2,,30724834.0,,False
2025,12,0,Median,Week 3,,17201668.0,,False
2025,12,0,Median,Week 4,,13478192.0,,False
2025,12,0,GBM,Week 1,,32007396.0,,False
2025,12,0,GBM,Week 2,,30724834.0,,False
2025,12,0,GBM,Week 3,,17201668.0,,False
2025,12,0,GBM,Week 4,,13478192.0,,False
2025,12,0,Distributional,Week 1,55012178.097249575,32007396.0,71.87333232997015,False
2025,12,0,Distributional,Week 2,23168189.044582367,30724834.0,-24.594583506676173,False
2025,12,0,Distributional,Week 3,13764579.175193017,17201668.0,-19.981136857233743,False
2025,12,0,Distributional,Week 4,10870660.37923422,13478192.0,-19.346301200975464,False
2025,12,0,Historical,Week 1,18330113.61199247,32007396.0,-42.731631114282244,False
2025,12,0,Historical,Week 2,20904567.77098018,30724834.0,-31.961983029818224,False
2025,12,0,Historical,Week 3,24096890.928124934,17201668.0,40.08461812031795,False
2025,12,0,Historical,Week 4,39543615.88205117,13478192.0,193.38961696087404,False
2025,12,8,Median,Week 1,32007396.0,32007396.0,0.0,True
2025,12,8,Median,Week 2,,30724834.0,,False
2025,12,8,Median,Week 3,,17201668.0,,False
2025,12,8,Median,Week 4,,13478192.0,,False
2025,12,8,GBM,Week 1,32007396.0,32007396.0,0.0,True
2025,12,8,GBM,Week 2,,30724834.0,,False
2025,12,8,GBM,Week 3,,17201668.0,,False
2025,12,8,GBM,Week 4,,13478192.0,,False
2025,12,8,Distributional,Week 1,32007396.0,32007396.0,0.0,True
2025,12,8,Distributional,Week 2,46730465.00417993,30724834.0,52.09346616544758,False
2025,12,8,Distributional,Week 3,15062249.80288815,17201668.0,-12.437271764062942,False
2025,12,8,Distributional,Week 4,8669795.943635134,13478192.0,-35.67537883690087,False
2025,12,8,Historical,Week 1,32007396.0,32007396.0,0.0,True
2025,12,8,Historical,Week 2,18732365.006830055,30724834.0,-39.031843079021826,False
2025,12,8,Historical,Week 3,15188980.352700654,17201668.0,-11.700537687969245,False
2025,12,8,Historical,Week 4,24925506.219816457,13478192.0,84.9321201227617,False
2025,12,15,Median,Week 1,32007396.0,32007396.0,0.0,True
2025,12,15,Median,Week 2,30724834.0,30724834.0,0.0,True
2025,12,15,Median,Week 3,,17201668.0,,False
2025,12,15,Median,Week 4,,13478192.0,,False
2025,12,15,GBM,Week 1,32007396.0,32007396.0,0.0,True
2025,12,15,GBM,Week 2,30724834.0,30724834.0,0.0,True
2025,12,15,GBM,Week 3,,17201668.0,,False
2025,12,15,GBM,Week 4,,13478192.0,,False
2025,12,15,Distributional,Week 1,32007396.0,32007396.0,0.0,True
2025,12,15,Distributional,Week 2,30724834.0,30724834.0,0.0,True
2025,12,15,Distributional,Week 3,27362711.267557107,17201668.0,59.0701045244979,False
2025,12,15,Distributional,Week 4,11275083.048793232,13478192.0,-16.345730578750977,False
2025,12,15,Historical,Week 1,32007396.0,32007396.0,0.0,True
2025,12,15,Historical,Week 2,30724834.0,30724834.0,0.0,True
2025,12,15,Historical,Week 3,13224386.55535113,17201668.0,-23.12148708281586,False
2025,12,15,Historical,Week 4,12743574.24467878,13478192.0,-5.450417647420512,False
